,ASV1,ASV2,ASV8,ASV9,ASV15,ASV19,ASV30,ASV33,ASV36,ASV38,ASV40,ASV46,ASV52,ASV56,ASV67,ASV71,ASV79,ASV83,ASV102,ASV125,ASV126,ASV178,ASV187,ASV190,ASV195,ASV206
VAN1,8.32358653141243,0.77592663326607,-0.83351127916803,-2.21980564028792,-2.21980564028792,-2.21980564028792,0.265101009500079,-2.21980564028792,-2.21980564028792,0.0827794527061247,-2.21980564028792,1.24593026251181,3.60913997732229,-2.21980564028792,1.41778051943846,-2.21980564028792,0.77592663326607,-2.21980564028792,-0.140364098608085,1.99970206488819,0.55278308195186,1.51786397799545,1.56438399363034,0.0827794527061247,-2.21980564028792,0.958248190060025
VAN10,7.73827296228222,5.376590819266,-0.622593850857122,5.36937057129251,1.11787232398338,1.60742054930209,-3.61832612441111,-3.61832612441111,-0.152590221611387,0.407025566324036,-3.61832612441111,0.252874886496778,0.763700510262769,1.58568056266568,-0.217128742748958,2.16857125695559,0.165863509507148,-0.527283671052797,-3.61832612441111,-0.727954366514948,-0.622593850857122,-1.31574103141707,-1.82656665518306,-1.31574103141707,-1.13341947462311,-3.61832612441111
VAN11,-0.128491020403736,8.07595297140408,-2.61339767019174,-2.61339767019174,3.48692128182833,4.81790200496417,-2.61339767019174,-2.61339767019174,4.17782379253445,4.29635561145307,-2.61339767019174,-0.821638200963681,-2.61339767019174,3.86357469269795,-1.22710330907185,5.36319773912484,3.07696178413232,1.60611003498437,-2.61339767019174,-2.61339767019174,-2.61339767019174,-2.61339767019174,-2.61339767019174,-2.61339767019174,-2.61339767019174,-2.61339767019174
VAN12,-0.438523796290214,5.5942197837372,-0.774996032911427,6.61863622447274,1.58585796820659,6.86791172077569,-3.07758112590547,-3.07758112590547,3.47349920913793,4.96543975939281,-3.07758112590547,1.758700781046,-0.304992403665692,2.36049818301772,-3.07758112590547,5.7740822994613,2.52822094039052,-3.07758112590547,-3.07758112590547,-3.07758112590547,-3.07758112590547,-3.07758112590547,-3.07758112590547,-3.07758112590547,-3.07758112590547,-3.07758112590547
VAN13,8.03840504681233,1.17119402314577,7.40495094040672,-2.23000335851638,4.43185138202893,-2.23000335851638,0.409053971098874,-2.23000335851638,-2.23000335851638,-2.23000335851638,-2.23000335851638,0.254903291271615,2.9517801917757,-2.23000335851638,-2.23000335851638,-2.23000335851638,-2.23000335851638,-2.23000335851638,1.64119765239151,1.17119402314577,1.40758280121,0.409053971098874,-0.150561816836549,-2.23000335851638,-0.150561816836549,-2.23000335851638
VAN15,8.56061655705073,-0.419631174523035,3.18586667065185,-3.41536344807703,-3.41536344807703,4.86610740981814,-3.41536344807703,-3.41536344807703,0.455837562830864,2.34037876550989,1.18980673791106,2.67141127883528,1.46743847450934,1.60851707276925,3.14141490808102,1.56824317363131,2.5352791045107,1.08444622225324,0.222222711649359,-0.324320994718711,-3.41536344807703,-3.41536344807703,-3.41536344807703,-3.41536344807703,-3.41536344807703,-3.41536344807703
VAN17,10.0606937816282,-1.23138549107649,-1.23138549107649,8.45431911638752,-1.23138549107649,-1.23138549107649,-1.23138549107649,5.24250520527578,-1.23138549107649,-1.23138549107649,-1.23138549107649,-1.23138549107649,1.94666833927145,-1.23138549107649,-1.23138549107649,-1.23138549107649,-1.23138549107649,-1.23138549107649,0.154908870043396,-1.23138549107649,-1.23138549107649,-1.23138549107649,-1.23138549107649,-1.23138549107649,-1.23138549107649,-1.23138549107649
VAN2,7.92401898712461,3.86322417358424,0.376868983581776,1.70600493086172,-0.0285961245263884,1.3576982365935,0.482229499239603,-2.51350277431439,-0.210917681320343,0.664551056033557,-0.721743305086334,-2.51350277431439,4.10390020366009,0.12555455530087,0.12555455530087,0.818701735860815,-0.210917681320343,-2.51350277431439,-2.51350277431439,1.17537667979955,-0.721743305086334,-0.721743305086334,-2.51350277431439,-2.51350277431439,-2.51350277431439,-2.51350277431439
VAN20,9.41381481632006,-0.704542151078034,-0.704542151078034,-0.704542151078034,-0.704542151078034,-0.704542151078034,-0.704542151078034,6.10890244843286,-0.704542151078034,-0.704542151078034,-0.704542151078034,-0.704542151078034,0.681752210041857,-0.704542151078034,-0.704542151078034,-0.704542151078034,-0.704542151078034,-0.704542151078034,-0.704542151078034,-0.704542151078034,-0.704542151078034,-0.704542151078034,-0.704542151078034,-0.704542151078034,-0.704542151078034,-0.704542151078034
VAN22,0.223107910896259,0.689481772091416,-1.12062683580484,-1.93155705202116,4.3055461242284,3.81863179544919,6.2683192618136,-4.70414577426095,0.979433993077736,2.72952076590522,2.64057327988873,2.54577976245704,4.33255524130412,0.886841206249911,2.8024460058099,2.12022789578214,2.84756644109036,0.116135791344091,-1.81377401636478,-4.70414577426095,-2.4015606812669,-4.70414577426095,-1.81377401636478,-4.70414577426095,-4.70414577426095,-4.70414577426095
VAN23,7.68008484112534,0.278243262381506,0.837859050316929,5.51800417946952,2.9779252138132,3.8652284088141,-2.49434545985828,0.278243262381506,1.56609755068814,-1.10805109873838,2.00546421047199,1.78232065915778,-2.49434545985828,0.144711869756983,3.07399904390282,-2.49434545985828,1.03201506475789,-2.49434545985828,-2.49434545985828,-2.49434545985828,-2.49434545985828,-2.49434545985828,-2.49434545985828,-2.49434545985828,-2.49434545985828,-2.49434545985828
VAN24,7.05998635816191,1.19723723289787,1.59114151860495,4.45533377091935,3.50669520517967,4.46981723673793,-2.86320577764855,0.663154746967607,1.29567730571112,-2.86320577764855,2.52128928514053,2.1474295164477,-2.86320577764855,0.774380382077831,3.74344440854966,-0.560620684654509,1.49350304904104,-2.86320577764855,-2.86320577764855,-2.86320577764855,-2.86320577764855,-2.86320577764855,-2.86320577764855,-2.86320577764855,-2.86320577764855,-2.86320577764855
VAN25,4.85955865741767,-3.67508144760229,-0.273884065940136,7.43799312004424,-1.19017479781429,1.90841486117941,-0.584038994243975,-1.59563990592246,2.28592389202098,-0.784709689706126,-0.0915625091461814,-1.37249635460825,2.49870465629965,-1.88332197837424,2.57102531787927,-3.67508144760229,1.67202608311518,-3.67508144760229,0.276162270979136,0.350270243132858,-1.03602411798703,-0.273884065940136,-0.497027617254346,-1.88332197837424,-0.584038994243975,-0.784709689706126
VAN26,8.43221612979044,1.18503003214735,2.03232789253455,5.06926304044581,-0.501368921422884,-2.80395401441693,0.0864177434792355,4.59238127938388,-2.80395401441693,-0.0313652921771483,-0.501368921422884,1.1472897041645,2.25864101861004,-2.80395401441693,1.35492906894274,-2.80395401441693,-2.80395401441693,-2.80395401441693,-2.80395401441693,1.41555369075918,-0.319047364628929,-0.164896684801671,-2.80395401441693,-2.80395401441693,0.191778259137062,-1.01219454518887
VAN28,8.38003635333934,-2.36117480086398,-2.36117480086398,-2.36117480086398,-0.974880439744087,1.37649481741939,0.277882528751281,4.49739023392739,-2.36117480086398,0.729867652494339,-2.36117480086398,-0.0585897078699316,3.29481700995588,-2.36117480086398,0.634557472690014,-2.36117480086398,0.896921737157505,-2.36117480086398,0.816879029483969,2.06964199797934,1.04002258079818,-0.0585897078699316,-0.974880439744087,-0.974880439744087,-2.36117480086398,0.277882528751281
VAN29,9.82857988272247,-0.393143195308899,-0.393143195308899,-0.393143195308899,-0.393143195308899,-0.393143195308899,-0.393143195308899,-0.393143195308899,-0.393143195308899,-0.393143195308899,-0.393143195308899,-0.393143195308899,-0.393143195308899,-0.393143195308899,-0.393143195308899,-0.393143195308899,-0.393143195308899,-0.393143195308899,-0.393143195308899,-0.393143195308899,-0.393143195308899,-0.393143195308899,-0.393143195308899,-0.393143195308899,-0.393143195308899,-0.393143195308899
VAN3,0.894557247178377,1.52316590660075,8.98541913780507,-2.57117865562135,3.69412255711636,0.761025854553854,-1.18488429450146,-2.57117865562135,2.47867735162819,-2.57117865562135,-2.57117865562135,1.4541730351138,2.39863464395465,-2.57117865562135,2.49141637740562,-2.57117865562135,0.686917882400133,1.25746274086775,-2.57117865562135,-2.57117865562135,0.201410066618432,-0.491737113941513,0.830018726040806,-2.57117865562135,-2.57117865562135,-0.268593562627304
VAN30,6.68850639472516,1.87915706469505,0.657165754866434,0.687018718016115,1.61500548965346,2.36466488047675,-1.45304744548016,-3.53248898715999,0.156390466953944,2.16460449934541,-1.22990389416595,1.9564487389967,0.989299589889049,0.456495059404283,3.36723412012488,-3.53248898715999,2.25440839420672,-0.200284476984788,-3.53248898715999,-0.200284476984788,0.84953764751389,-0.759900264920211,-3.53248898715999,-3.53248898715999,-1.04758233737199,-3.53248898715999
VAN35,9.74231627464063,1.70324686457715,1.38479313345861,1.25126174083409,-1.38779558878117,-1.38779558878117,-1.38779558878117,-1.38779558878117,0.69164595289867,-1.38779558878117,-1.38779558878117,-1.38779558878117,2.3498740295022,-1.38779558878117,-1.38779558878117,-1.38779558878117,1.09711106100683,-1.38779558878117,-1.38779558878117,1.502576169115,1.79025824156678,-1.38779558878117,0.69164595289867,-1.38779558878117,-1.38779558878117,-1.38779558878117
VAN36,4.09787227001145,-1.97878652792149,0.169647885245294,6.02194614587325,1.93893449862129,3.3594381292184,-2.53840231585692,-0.163496561283244,1.99955912043773,-0.628859810972477,0.469752477695633,1.53488883716735,1.97245719065993,0.757434550147414,2.06926475032976,0.351969442039249,1.79888842497557,-4.61784385753675,-4.61784385753675,2.07175541164221,-1.09148333292059,-1.52680140417844,-4.61784385753675,-1.97878652792149,-2.31525876454271,-2.53840231585692
VAN37,8.8871125687061,0.888553183503671,-0.903206285724384,-0.903206285724384,-0.903206285724384,-0.903206285724384,1.17623525595545,0.888553183503671,-0.903206285724384,-0.903206285724384,-0.903206285724384,-0.903206285724384,1.8693824365154,-0.903206285724384,-0.903206285724384,-0.903206285724384,1.17623525595545,-0.903206285724384,-0.903206285724384,0.483088075395506,-0.903206285724384,-0.903206285724384,-0.903206285724384,-0.903206285724384,0.888553183503671,-0.903206285724384
VAN39,8.8632209757279,-0.775128468791339,-0.775128468791339,-0.775128468791339,0.611165892328552,-0.775128468791339,-0.775128468791339,-0.775128468791339,-0.775128468791339,-0.775128468791339,-0.775128468791339,-0.775128468791339,2.80839046966477,-0.775128468791339,-0.775128468791339,-0.775128468791339,-0.775128468791339,-0.775128468791339,-0.775128468791339,1.99746025344844,-0.775128468791339,0.611165892328552,-0.775128468791339,-0.775128468791339,0.611165892328552,-0.775128468791339
VAN4,3.42160686730406,6.45189369733923,0.280332288459408,6.36937716390625,0.137231444818735,5.16414380224713,-3.12086509320275,-3.12086509320275,4.57352770942667,3.605368309156,-3.12086509320275,0.0571887371451982,0.616804525080621,5.03736482375674,-0.348276370962966,-1.73457073208286,-1.32910562397469,2.02662938361071,-3.12086509320275,-3.12086509320275,-3.12086509320275,-3.12086509320275,-3.12086509320275,-3.12086509320275,-3.12086509320275,-3.12086509320275
VAN40,6.11390205161958,3.43869528101505,-0.892038059271284,-3.37694470905928,0.149415815556877,5.42030152764424,-3.37694470905928,-3.37694470905928,2.10369421428271,5.01604487889765,1.78211059015524,1.79353928597887,-0.381212435505293,-1.07435961606524,4.39031928769802,4.59137479095343,3.68952226107767,-0.381212435505293,-3.37694470905928,-3.37694470905928,-3.37694470905928,-3.37694470905928,-3.37694470905928,-3.37694470905928,-1.99065034793939,-3.37694470905928
VAN41,6.220645374347,1.75459536140342,1.45449076895308,2.6782662005752,4.27586965536229,4.9823208015486,-3.33300097382897,1.09781582501435,0.692350716906183,-3.33300097382897,3.09993911891021,2.59125482358557,-3.33300097382897,1.27216921215913,4.53716497264088,-0.24195852047065,2.49004492165405,-3.33300097382897,-0.24195852047065,-3.33300097382897,-3.33300097382897,-3.33300097382897,-3.33300097382897,-3.33300097382897,-3.33300097382897,-3.33300097382897
VAN43,6.07809114940992,1.36267584515881,1.17343384552028,1.13087423110148,4.24920882674781,4.85131554542468,-3.39091434594756,0.913150747256614,0.297965108166381,-1.5991548767195,2.89694421421423,2.33918543702602,-3.39091434594756,1.21425584004054,4.28230877517415,1.80204250494265,1.87694381311577,-0.751857016332297,-1.5991548767195,-3.39091434594756,-3.39091434594756,-3.39091434594756,-3.39091434594756,-3.39091434594756,-3.39091434594756,-3.39091434594756
VAN47,8.89431658964135,1.03552138645824,-1.2670637065358,-1.2670637065358,2.75828798419935,2.72192034002847,-1.2670637065358,-1.2670637065358,0.119230654584087,-1.2670637065358,-1.2670637065358,2.8272808556863,2.13413367512635,-1.2670637065358,-1.2670637065358,-1.2670637065358,-1.2670637065358,0.524695762692251,-1.2670637065358,-1.2670637065358,-1.2670637065358,-1.2670637065358,0.524695762692251,-1.2670637065358,-1.2670637065358,-1.2670637065358
VAN48,5.49835287787113,6.62340593926816,0.929673800465458,8.52648456710428,-0.168938488202652,2.08235331040384,-2.24838002988249,-0.168938488202652,1.6228209810254,0.641991728013677,-2.24838002988249,0.0542050631115576,1.21735587291724,-2.24838002988249,-2.24838002988249,-2.24838002988249,-2.24838002988249,-2.24838002988249,-2.24838002988249,0.524208692357293,0.0542050631115576,-2.24838002988249,-2.24838002988249,-0.456620560654433,-2.24838002988249,-2.24838002988249
VAN49,5.8524876366286,1.68035755417474,1.21722680421676,-0.365182435829416,4.13979902290324,4.93513293338129,-3.76637981749157,1.13145998245934,0.640339429772681,-0.434175307316368,3.0225919255006,2.18945755197326,-1.46379472449753,1.30879399774225,4.33953138049494,1.52188721320296,2.13077405014517,-1.12732248787631,-0.588325987143626,-3.76637981749157,-3.76637981749157,-3.76637981749157,-3.76637981749157,-3.76637981749157,-3.76637981749157,-3.76637981749157
VAN5,6.92385113450707,-2.62138880953,5.99980397190472,-2.62138880953,4.65100958304004,-2.62138880953,-2.62138880953,-2.62138880953,3.79534347298232,-2.62138880953,0.0176685200852573,-0.136482159742001,3.06219095780868,-2.62138880953,1.94295938193784,-2.62138880953,1.16280082438826,-2.62138880953,5.57670043942612,-0.318803716535956,-2.62138880953,-1.23509444841011,-0.541947267850165,-2.62138880953,-1.23509444841011,-0.829629340301946
VAN50,6.10085161322932,1.76427155397034,1.19372669550273,-0.118459693463442,4.47521611309891,5.28839171919208,-3.45066420363865,1.13430327503193,0.853400889565524,-3.45066420363865,3.1061141525194,2.82221280290752,-3.45066420363865,1.44717559631227,4.74135271089823,0.333525430279616,2.53578780164579,-0.811606874023387,-0.35962175028033,-3.45066420363865,-3.45066420363865,-3.45066420363865,-3.45066420363865,-3.45066420363865,-3.45066420363865,-3.45066420363865
VAN51,9.13535576662981,-1.63426541978254,1.76693196187962,0.157494049445517,6.01065392517632,-1.63426541978254,-1.63426541978254,-1.63426541978254,3.40268718263109,-1.63426541978254,-1.63426541978254,-1.63426541978254,3.42832961324443,-1.63426541978254,-1.63426541978254,-1.63426541978254,-1.63426541978254,-1.63426541978254,-1.63426541978254,1.89209510483362,-0.247971058662647,0.445176121897298,-1.63426541978254,-1.63426541978254,-1.63426541978254,0.157494049445517
VAN52,9.05506406524859,-1.97872822268813,-1.97872822268813,1.35347628748707,2.3520051175982,-1.97872822268813,-1.97872822268813,4.51653733324888,-1.97872822268813,-1.97872822268813,1.7101512314258,-1.97872822268813,3.75137156028544,-1.97872822268813,-1.97872822268813,-1.97872822268813,-1.97872822268813,-1.97872822268813,2.72175214310428,1.97251549589329,-0.592433861568243,-1.97872822268813,-1.97872822268813,0.100713318991703,0.100713318991703,0.660329106927125
VAN53,7.41625343543053,-2.46232648139941,-2.46232648139941,2.25617238989569,4.67971009330739,2.34169456333385,0.0225801683885907,-2.46232648139941,1.69655660196026,0.428045276496755,-2.46232648139941,0.795770056622072,2.61284733383442,-2.46232648139941,-0.670567012171355,1.63201808082269,-2.46232648139941,-2.46232648139941,-2.46232648139941,0.715727348948536,-1.07603212027952,0.628715971958906,-0.670567012171355,-0.670567012171355,-2.46232648139941,0.0225801683885907
VAN54,8.3496358927119,2.78886195826416,-2.73259895959809,-2.73259895959809,0.0399897626416945,2.18005592613797,-2.73259895959809,1.78918961745095,-2.73259895959809,2.449184590694,1.05159067432017,2.26461331416603,2.56571840694995,0.599605550577117,0.668598422064069,-2.73259895959809,1.17942404583006,-2.73259895959809,-2.73259895959809,2.83574554416301,-0.940839490370031,-0.940839490370031,-2.73259895959809,-0.940839490370031,-2.73259895959809,-1.3463045984782
VAN55,8.36654598589754,0.89714523415278,0.309358569250661,3.61257554255261,0.571722833718152,-2.68637370430333,-0.20146705451533,1.44076068074176,-2.68637370430333,-2.68637370430333,-1.30007934318344,-0.20146705451533,3.59026978503831,-2.68637370430333,-2.68637370430333,-2.68637370430333,-0.383788611309285,-2.68637370430333,0.203998053592835,1.69565293037055,-0.20146705451533,0.951212455423055,0.309358569250661,-0.0473163746880716,-0.894614235075275,0.0862150179364509
VAN57,4.82102791292798,-1.6246919064576,0.167067562770458,7.34128127775275,0.454749635222239,-1.6246919064576,1.01436542315766,-1.6246919064576,-1.6246919064576,-1.6246919064576,-1.6246919064576,0.677893186536448,2.43575110408882,-1.6246919064576,0.167067562770458,-1.6246919064576,-1.6246919064576,-1.6246919064576,-1.6246919064576,0.677893186536448,0.860214743330403,1.37104036709639,-1.6246919064576,0.677893186536448,-1.6246919064576,0.454749635222239
VAN58,9.79078486187492,1.49075315009534,3.4076757622774,7.03749187514186,0.392140861427233,-1.91044423156681,-1.91044423156681,-1.91044423156681,1.26760959878113,-1.91044423156681,-1.91044423156681,-0.118684762338758,1.1805982217915,1.6730747068893,-1.91044423156681,-1.91044423156681,0.168997310113023,-1.91044423156681,-1.91044423156681,-1.91044423156681,-1.91044423156681,-1.91044423156681,0.979927526329352,-0.524149870446922,-1.91044423156681,-1.91044423156681
VAN59,8.41135723583361,-1.74249985427032,7.66011240535298,2.08614154221877,-1.74249985427032,-1.74249985427032,0.560085238723721,-1.74249985427032,-1.74249985427032,-1.74249985427032,-1.74249985427032,-1.74249985427032,2.88247295901395,-1.74249985427032,-1.74249985427032,-1.74249985427032,-1.74249985427032,-1.74249985427032,-1.74249985427032,1.34854259908799,0.336941687409511,0.742406795517676,1.03008886796946,0.0492596149577307,-1.74249985427032,1.03008886796946
VAN60,9.51348376000698,7.397532644831,3.00851297466615,9.97942424057835,-1.72768547372834,-1.72768547372834,-1.72768547372834,6.38244132821275,-1.72768547372834,-1.72768547372834,-1.72768547372834,-1.72768547372834,-1.72768547372834,-1.72768547372834,-1.72768547372834,-1.72768547372834,-1.72768547372834,-1.72768547372834,-1.72768547372834,-1.72768547372834,-1.72768547372834,-1.72768547372834,-1.72768547372834,-1.72768547372834,-1.72768547372834,-1.72768547372834
VAN8,1.55613854937453,-2.27250284711456,-2.27250284711456,0.21240380267344,5.26864960802175,1.5116867868037,1.1286945345476,-2.27250284711456,-2.27250284711456,-2.27250284711456,-2.27250284711456,3.96190787860381,4.4727335023698,-2.27250284711456,-2.27250284711456,-2.27250284711456,-2.27250284711456,-2.27250284711456,0.0300822458794856,2.83948494124198,0.0300822458794856,2.75137767373172,1.75284884362059,-2.27250284711456,0.500085875125221,1.2538576775016
VAN9,3.52951107521728,8.53225165151216,6.98668772462134,-3.25041083225497,2.38437877091428,3.32605873679325,-3.25041083225497,-3.25041083225497,4.52023440187421,2.44668265425044,-3.25041083225497,1.3345566464156,2.63569319919519,-3.25041083225497,2.3627172741331,-3.25041083225497,1.5031793588514,2.76574632744338,-0.0723570019070237,-3.25041083225497,-3.25041083225497,-3.25041083225497,-3.25041083225497,-3.25041083225497,-3.25041083225497,-3.25041083225497
VANB1,9.63120712489426,2.65299338226356,2.16051689716576,2.741546779605,2.32757098182893,-2.02913784486066,1.06190460849765,-0.237378375632606,-2.02913784486066,-0.237378375632606,-2.02913784486066,-0.237378375632606,2.59583496842361,-2.02913784486066,0.609919484754597,-2.02913784486066,0.455768804927339,-2.02913784486066,1.06190460849765,-2.02913784486066,-0.237378375632606,-2.02913784486066,-2.02913784486066,-2.02913784486066,-2.02913784486066,-2.02913784486066
VANB10,3.89954876074623,0.982193915546719,-0.994968777012699,3.53523837050194,1.81175295159654,2.30906485619581,-1.11275181266908,-3.88534053490886,-3.88534053490886,2.57612764144485,-1.40043388512086,0.496686099765018,2.45325354329432,-2.49904617378897,0.778098559203204,1.02731435082719,1.76363370325234,-1.40043388512086,-3.88534053490886,0.52137871235539,-0.101150900990602,-0.484143153246708,-0.147670916625495,-0.627243996887382,-1.58275544191482,-0.147670916625495
VANB11,7.82310123140264,10.239221140185,2.94633352089054,1.67126479488087,0.113120176834325,-1.96632136484551,-1.96632136484551,-1.96632136484551,5.62048217031707,-1.96632136484551,-1.96632136484551,-1.96632136484551,0.672735964769747,-1.96632136484551,-1.96632136484551,-1.96632136484551,-1.96632136484551,3.66846823832374,0.672735964769747,-1.96632136484551,-1.96632136484551,-1.96632136484551,-1.96632136484551,-1.96632136484551,-1.96632136484551,-1.96632136484551
VANB12,1.96808843404886,8.93320025539034,-2.12625612817324,8.94558741368628,1.20594838200196,-2.12625612817324,0.176328964820804,-2.12625612817324,-2.12625612817324,-2.12625612817324,-2.12625612817324,-0.334496658945187,3.31182318074995,-2.12625612817324,-2.12625612817324,-2.12625612817324,-2.12625612817324,-2.12625612817324,-2.12625612817324,1.40010439644292,-0.334496658945187,0.176328964820804,0.869476145380749,-2.12625612817324,0.964786325185074,0.358650521614758
VANB13,8.20238909845687,-1.78984166391365,7.88473574241393,0.512743429080396,6.16733565954583,-1.78984166391365,0.69506498587435,-1.78984166391365,-1.78984166391365,-1.78984166391365,-1.78984166391365,1.84774449581274,1.89903779020029,-1.78984166391365,-1.78984166391365,-1.78984166391365,0.289599877766186,-1.78984166391365,-1.78984166391365,0.849215665701609,-1.78984166391365,-1.78984166391365,0.289599877766186,-1.78984166391365,-1.78984166391365,-1.78984166391365
VANB15,7.50478130503678,-0.166812582627831,2.84134221092472,-2.93940130486761,2.86573366404888,3.47733097764471,-0.0490295469714472,-2.93940130486761,-2.93940130486761,2.7025057660705,0.151641148490704,1.83128331959805,2.0578109688965,-2.93940130486761,2.27553445274137,1.79679714352688,0.798268313415756,-2.93940130486761,-1.55310694374772,-0.636816211873567,-1.55310694374772,-1.14764183563956,0.31869523315387,-2.93940130486761,-2.93940130486761,-2.93940130486761
VANB17,6.0296270517235,-1.92052283592852,-1.92052283592852,8.59262158666853,0.564383813859485,-1.92052283592852,0.15891870575132,4.89730773552563,-1.92052283592852,-1.92052283592852,-1.92052283592852,-1.92052283592852,3.20344114347474,-1.92052283592852,-1.92052283592852,-1.92052283592852,-1.92052283592852,-1.92052283592852,-1.92052283592852,1.1705196174298,0.15891870575132,0.718534493686743,0.852065886311266,0.15891870575132,-1.92052283592852,0.38206225706553
VANB2,8.21392001402315,1.03250914682237,2.19267932848992,1.9000097145271,0.0674282507787862,-0.220253821672995,0.290571802092996,-2.705160471461,-0.0661031418457363,-0.402575378466949,-1.3188661103411,-2.705160471461,3.53706279399417,-2.705160471461,-0.220253821672995,-2.705160471461,-2.705160471461,-2.705160471461,-2.705160471461,2.09886057327226,-0.0661031418457363,0.878358466995115,0.932425688265391,-0.220253821672995,-0.625718929781159,0.932425688265391
VANB20,9.91383704267686,1.5986376438521,1.69394782365642,0.682346911977942,-1.39709462970189,-1.39709462970189,0.394664839526161,3.30338573609052,-1.39709462970189,-1.39709462970189,-1.39709462970189,-1.39709462970189,3.22787818358238,-1.39709462970189,-1.39709462970189,-1.39709462970189,-1.39709462970189,-1.39709462970189,-1.39709462970189,1.69394782365642,-1.39709462970189,-1.39709462970189,-1.39709462970189,1.24196269991336,-1.39709462970189,-1.39709462970189
VANB22,7.77984476689874,0.703710837091663,-2.55438570092982,0.441346572624173,0.0846716286854399,0.911350201869908,0.218203021309962,-2.55438570092982,-2.55438570092982,1.74967939227435,-0.762626231701764,1.13449375318412,2.19920449017655,-0.762626231701764,1.82764093374406,1.77634763935651,1.80232312575977,-2.55438570092982,-0.762626231701764,-2.55438570092982,-0.762626231701764,-0.0694790511418184,-1.16809133980993,-0.251800607935773,-2.55438570092982,-0.762626231701764
VANB25,7.3801518346009,1.21113900945162,-1.42791832016364,9.39501498193995,-0.0416239590437447,-1.42791832016364,0.36384114906442,-1.42791832016364,-1.42791832016364,-1.42791832016364,-1.42791832016364,1.66312413319468,2.2609611339503,-1.42791832016364,-1.42791832016364,-1.42791832016364,-1.42791832016364,-1.42791832016364,3.46992147978728,-1.42791832016364,-1.42791832016364,-1.42791832016364,-1.42791832016364,-1.42791832016364,-1.42791832016364,-1.42791832016364
VANB26,7.80309635527285,-1.99913336518905,-1.99913336518905,-0.207373895960992,0.303451727804999,-1.99913336518905,0.485773284598953,3.3668426498328,-1.99913336518905,1.46660253761068,-0.207373895960992,0.0803081764907889,3.93045577820085,0.0803081764907889,1.63845279453734,-1.99913336518905,-1.99913336518905,-1.99913336518905,1.63845279453734,1.73853625309432,0.0803081764907889,-1.99913336518905,-0.207373895960992,-1.99913336518905,-1.99913336518905,-1.99913336518905
VANB28,8.79390264447466,1.43762276792391,-1.45274898997225,0.626692551707583,0.626692551707583,-1.45274898997225,1.63829346338606,-1.45274898997225,-1.45274898997225,-1.45274898997225,-1.45274898997225,-1.45274898997225,3.94087855638011,-1.45274898997225,-1.45274898997225,-1.45274898997225,-1.45274898997225,-1.45274898997225,-1.45274898997225,1.72530484037569,-0.0664546288523621,1.54298328358174,1.18630833964301,-1.45274898997225,-1.45274898997225,0.339010479255802
VANB29,9.97679455708439,2.22083706486063,-0.669534693035538,1.81537195675246,-0.669534693035538,-0.669534693035538,-0.669534693035538,-0.669534693035538,-0.669534693035538,-0.669534693035538,-0.669534693035538,-0.669534693035538,-0.669534693035538,-0.669534693035538,-0.669534693035538,-0.669534693035538,-0.669534693035538,-0.669534693035538,-0.669534693035538,-0.669534693035538,-0.669534693035538,-0.669534693035538,-0.669534693035538,0.716759668084353,-0.669534693035538,-0.669534693035538
VANB3,2.65278675747227,3.53605972031775,8.52322583843582,0.598663023776725,3.92848374259665,0.288508095472885,-3.90114664655354,-1.59856155355949,3.25190498838394,1.34587742560695,-3.90114664655354,1.83542565092565,1.05468041104772,0.966387803902042,3.42136378744385,0.124205044181609,1.148709360696,1.82895313642003,-0.568942136378336,-3.90114664655354,-3.90114664655354,-3.90114664655354,-1.12855792431376,-3.90114664655354,-3.90114664655354,-3.90114664655354
VANB30,7.00765969212635,1.48648452937392,0.596627054567922,0.233721560878553,2.530037040859,1.17470490534308,-3.23201434192117,-3.23201434192117,-0.0539605115732273,1.99373233179203,-3.23201434192117,2.25692338423551,2.65408968952898,0.100190168254031,2.29741474559025,-0.929429248927127,0.895120043123919,1.33233384954666,-3.23201434192117,1.28977423512787,-3.23201434192117,-1.44025487269312,-1.84571998080128,-0.747107692133173,-3.23201434192117,-1.44025487269312
VANB35,9.95957961239766,-0.725752575459699,1.91330475415556,2.04683614678008,-0.725752575459699,0.660541785660191,-0.725752575459699,-0.725752575459699,-0.725752575459699,-0.725752575459699,-0.725752575459699,-0.725752575459699,0.660541785660191,-0.725752575459699,-0.725752575459699,-0.725752575459699,-0.725752575459699,-0.725752575459699,-0.725752575459699,-0.725752575459699,-0.725752575459699,-0.725752575459699,-0.725752575459699,-0.725752575459699,-0.725752575459699,-0.725752575459699
VANB36,3.18576855442735,-4.07545653754457,0.712035205237478,6.16006484501384,3.60702590898994,4.68578026929362,-4.07545653754457,-4.07545653754457,2.90554920317716,1.06034189950569,0.255276802741763,1.59442438543595,1.17156753461592,2.21611260201375,2.47847686648124,2.29786325203245,2.45833230038878,-4.07545653754457,-4.07545653754457,1.09502745749358,-1.99601499586473,-2.28369706831651,-1.77287144455052,-4.07545653754457,-2.68916217642468,-2.68916217642468
VANB37,9.10529438893848,1.38764646887201,-2.35002314941136,3.06162290244368,-2.35002314941136,0.828030680936584,1.1763373752048,0.908073388610121,-2.35002314941136,-0.558263680183306,-2.35002314941136,0.42256557282842,2.84293370147885,0.741019303946955,-2.35002314941136,-2.35002314941136,-2.35002314941136,-2.35002314941136,0.42256557282842,1.05117423225079,-2.35002314941136,0.908073388610121,0.64570912414263,0.42256557282842,-2.35002314941136,0.134883500376639
VANB39,7.59077372091064,3.5316246505922,0.0540542901454706,0.341736362597251,1.35333727427573,1.39155848709593,-0.592572874779582,-3.6836153281379,1.48686866690025,-3.6836153281379,-0.793243570241733,-0.687883054583907,3.06162102134646,2.62630295008862,-1.38103023514385,-3.6836153281379,-3.6836153281379,0.475267755221774,-3.6836153281379,1.40398100709449,-1.04455799852264,0.77073196811561,-0.100096389681788,-0.282417946475742,-1.38103023514385,0.593050790878157
VANB4,7.94788357125077,0.591543830591529,2.18205373314011,1.13314111302427,3.10974420847899,-0.389285422420197,-0.476296799409827,-3.56733925276814,-0.309242714746661,-0.309242714746661,-3.56733925276814,1.01762822590243,2.00100525099295,0.909997561710064,-0.166141871105987,-3.56733925276814,-0.0409787281519813,-1.08243260298014,-1.48789771108831,0.016179685687967,0.0702469069582428,-0.476296799409827,-3.56733925276814,1.90493142090333,-0.794750530528362,-1.08243260298014
VANB40,9.64140081399758,3.140253401086,-2.10677067107449,3.06371332396366,0.888961602479504,-2.10677067107449,-0.720476309954597,-2.10677067107449,0.378135978713513,-2.10677067107449,-2.10677067107449,0.665818051165294,3.00521711728206,-2.10677067107449,-0.315011201846432,1.35896523172524,-2.10677067107449,-2.10677067107449,-2.10677067107449,1.95367233947193,0.665818051165294,0.195814421919558,-0.0273291293946516,-2.10677067107449,-2.10677067107449,-0.720476309954597
VANB47,9.4936936420016,-0.619406327564383,-0.619406327564383,-0.619406327564383,-0.619406327564383,-0.619406327564383,1.68317876542966,-0.619406327564383,-0.619406327564383,-0.619406327564383,-0.619406327564383,-0.619406327564383,3.06947312654955,-0.619406327564383,-0.619406327564383,-0.619406327564383,-0.619406327564383,-0.619406327564383,-0.619406327564383,-0.619406327564383,-0.619406327564383,-0.619406327564383,-0.619406327564383,-0.619406327564383,-0.619406327564383,-0.619406327564383
VANB48,1.58462237832818,5.92250711977213,1.20163012607207,7.60840009508863,0.285339394197916,1.53810236269328,-2.19956725559008,-2.19956725559008,1.48931219852385,2.04892798645927,0.439490074025174,0.439490074025174,1.48931219852385,-2.19956725559008,-2.19956725559008,-2.19956725559008,-2.19956725559008,-0.120125713910248,-2.19956725559008,0.103017837403961,-0.407807786362029,-2.19956725559008,-0.813272894470194,-2.19956725559008,-2.19956725559008,-0.813272894470194
VANB5,8.65485564812221,-1.70732177375938,6.01756666556369,-1.70732177375938,5.67542467597953,-1.70732177375938,-1.70732177375938,-1.70732177375938,4.05472960902079,-1.70732177375938,-1.70732177375938,0.0844376954686721,1.18304998413678,-1.70732177375938,0.777584876028617,-1.70732177375938,-0.321027412639492,-1.70732177375938,0.595263319234663,-1.70732177375938,0.595263319234663,-1.70732177375938,-1.70732177375938,-1.70732177375938,-1.70732177375938,-1.70732177375938
VANB51,8.95725523542297,-0.55924543025077,-0.55924543025077,-0.55924543025077,-0.55924543025077,-0.55924543025077,0.827048930869121,-0.55924543025077,-0.55924543025077,-0.55924543025077,-0.55924543025077,-0.55924543025077,3.07834072947562,-0.55924543025077,-0.55924543025077,-0.55924543025077,-0.55924543025077,-0.55924543025077,-0.55924543025077,-0.55924543025077,-0.55924543025077,-0.55924543025077,-0.55924543025077,-0.55924543025077,-0.55924543025077,-0.55924543025077
VANB53,8.19921289398499,2.21680438076324,0.91752139663298,-0.992021108251458,-0.298873927691513,0.840560355496852,0.394273252868433,-3.07146264993129,0.186633888090188,2.59149783020465,-1.27970318070324,1.93917264416496,1.23260244327288,-3.07146264993129,1.25927069035504,-0.0757303763773027,1.11819209209513,-0.768877556937248,-3.07146264993129,0.26074186024391,0.879781068650134,-3.07146264993129,-3.07146264993129,-0.992021108251458,-0.992021108251458,-1.27970318070324
VANB59,9.46280632483522,-1.47904798935373,7.70535900059595,1.92214939230842,-1.47904798935373,-1.47904798935373,1.00585866043427,-1.47904798935373,-1.47904798935373,-1.47904798935373,-1.47904798935373,-1.47904798935373,0.600393552326105,-1.47904798935373,-1.47904798935373,-1.47904798935373,-1.47904798935373,3.40375393323264,-1.47904798935373,-1.47904798935373,-0.09275362823384,-1.47904798935373,0.823537103640315,-1.47904798935373,0.312711479874324,-1.47904798935373
VANB8,-0.311705160335541,-0.0885616090213315,0.699895751342939,1.24643945771101,6.55052960334479,2.72084108634117,0.699895751342939,-2.39114670201538,-2.39114670201538,-1.00485234089549,0.499225055880788,-2.39114670201538,3.54374749360421,-2.39114670201538,-2.39114670201538,1.96556212467421,-2.39114670201538,-2.39114670201538,-2.39114670201538,1.76773638134429,0.941057808159827,1.07458920078435,-2.39114670201538,-0.0885616090213315,0.604585571538614,0.699895751342939
VANB9,5.18578901007925,8.20722424591643,3.24164845978691,-3.45291359873419,5.14419921585793,3.31787582517479,-3.45291359873419,-3.45291359873419,2.88920781998697,2.75768647829047,-2.06661923761429,2.2306661686045,0.607529411812235,-3.45291359873419,2.13807338177667,1.00143369751932,0.331276035184076,1.59694240851535,-3.45291359873419,-0.680324876494404,-3.45291359873419,-1.37347205705435,-3.45291359873419,-3.45291359873419,-3.45291359873419,-3.45291359873419
