,input,filtered,denoisedF,nonchim,PropPassed
VAN1,20357,19764,19708,19666,0.966055902146682
VAN10,53059,52337,52265,52069,0.981341525471645
VAN11,28924,28680,28653,28369,0.980811782602683
VAN12,28782,28491,28467,28446,0.988326037106525
VAN13,32662,32191,32138,31773,0.972781825975139
VAN14,25918,25584,24395,24395,0.941237749826376
VAN15,88427,86494,86243,85057,0.961889468148869
VAN16,5779,5674,5517,5444,0.942031493337948
VAN17,48963,48558,48544,48487,0.990278373465678
VAN18,34126,33529,33341,32923,0.96474828576452
VAN19,34658,28040,26497,24752,0.714178544636159
VAN2,18751,18262,18200,18200,0.970614900538638
VAN20,12975,12877,12865,12865,0.991522157996146
VAN21,47531,46665,46583,46342,0.974984746796827
VAN22,60257,58323,58000,56981,0.945632872529333
VAN23,19722,15913,15677,15557,0.788814521853767
VAN24,16524,13279,13112,13065,0.790668119099492
VAN25,38978,38276,38191,38134,0.978346759710606
VAN26,43971,43017,42815,41822,0.951126879079393
VAN27,6280,6148,6085,5719,0.910668789808917
VAN28,25179,24539,24475,24475,0.972040192223678
VAN29,13944,13769,13762,13762,0.986947791164659
VAN3,55105,53658,53608,53458,0.970111605117503
VAN30,17468,17064,17000,16951,0.970403022670025
VAN31,17209,13463,13259,12578,0.730896623859608
VAN34,21966,21375,21305,21301,0.969725940089229
VAN35,37545,36433,36359,34683,0.923771474230923
VAN36,32787,31880,31766,30618,0.93384573153994
VAN37,9122,9081,9065,9065,0.993751370313528
VAN38,4106,3997,3987,3278,0.798343886994642
VAN39,7826,7777,7757,7757,0.991183235369282
VAN4,19987,19670,19658,19641,0.982688747685996
VAN40,21385,21231,21203,21203,0.991489361702128
VAN41,18510,13771,13713,13147,0.710264721772015
VAN42,4930,4839,4822,4255,0.863083164300203
VAN43,16793,12650,12608,11960,0.712201512534985
VAN45,5597,5487,5473,5075,0.906735751295337
VAN46,6180,6070,6046,5743,0.929288025889968
VAN47,14306,14142,14126,14126,0.987417866629386
VAN48,30075,29404,29340,29159,0.96954280964256
VAN49,22487,16635,16579,15695,0.697958820651932
VAN5,13283,12991,12952,12952,0.975080930512685
VAN50,22111,16146,16017,15270,0.690606485459726
VAN51,26155,25523,25449,25269,0.966125023896005
VAN52,33045,32138,32009,31985,0.967922529883492
VAN53,11728,11429,11271,11264,0.96043656207367
VAN54,36672,35675,35590,35586,0.97038612565445
VAN55,34001,32955,32854,32854,0.966265698067704
VAN56,44820,43713,43631,43631,0.97347166443552
VAN57,5371,5292,5231,5107,0.950847142059207
VAN58,69591,68051,67962,67680,0.972539552528344
VAN59,20211,19815,19743,19734,0.976398990648657
VAN6,27939,27214,27094,25102,0.898457353520169
VAN60,109734,107746,107648,105320,0.959775457014234
VAN7,9110,8745,8623,8414,0.923600439077936
VAN8,17041,16343,15797,15736,0.92341998708996
VAN9,85022,84414,84296,83241,0.97905248053445
VANB1,59558,58435,58369,58364,0.97995231539004
VANB10,6212,6060,5963,5909,0.951223438506117
VANB11,114625,112007,111898,110332,0.962547437295529
VANB12,67072,65568,65485,64911,0.967780892175573
VANB13,23294,22726,22697,22649,0.972310466214476
VANB15,20392,19763,19685,19669,0.964544919576304
VANB16,13287,13030,12958,12958,0.97523895536991
VANB17,21061,20658,20625,20606,0.978396087555197
VANB2,29156,28565,28485,28485,0.976985869117849
VANB20,42342,41165,41098,41081,0.970218695385197
VANB21,17350,16966,16900,16877,0.972737752161383
VANB22,16344,15988,15960,15953,0.976076847772883
VANB25,29306,28640,28598,28551,0.974237357537706
VANB26,10020,9772,9720,9720,0.970059880239521
VANB27,24261,23744,23722,23722,0.97778327356663
VANB28,14714,14449,14406,14406,0.9790675547098
VANB29,21606,21059,21042,21042,0.973896139961122
VANB3,133315,130597,130416,130056,0.97555413869407
VANB30,16008,15652,15625,15581,0.973325837081459
VANB32,77718,75998,75811,72414,0.931753261792635
VANB33,16842,16420,16268,16212,0.962593516209476
VANB34,95551,93583,93395,91519,0.957802639428159
VANB35,22173,21931,21915,21915,0.988364226762278
VANB36,26493,25959,25875,23841,0.899898086286944
VANB37,48752,47788,47720,47711,0.978647029865441
VANB38,95897,93879,92887,89441,0.932677768856169
VANB39,43141,42172,42034,41964,0.972717368628451
VANB4,55062,53911,53835,53576,0.973012240746794
VANB40,65466,64076,63995,63966,0.9770873430483
VANB44,28898,28173,28143,28143,0.973873624472282
VANB45,29399,28229,28201,28201,0.959250314636552
VANB46,5625,5424,5392,5392,0.958577777777778
VANB47,13049,12627,12600,12600,0.965591233044678
VANB48,11426,11047,11025,10995,0.962279012777875
VANB5,19339,18963,18940,18928,0.978747608459589
VANB51,7645,7336,7310,7310,0.956180510137345
VANB53,42597,42053,41941,41626,0.977204967485973
VANB56,55810,54973,54832,54740,0.980827808636445
VANB59,34750,33815,33744,33722,0.97041726618705
VANB8,5470,5345,5229,5229,0.955941499085923
VANB9,70788,69200,68920,68679,0.970206814714358
