Genus,Prevalence
Lactobacillus,1
Corynebacterium,0.875
Streptococcus,0.8
Gardnerella,0.725
Atopobium,0.7
Bifidobacterium,0.675
Finegoldia,0.675
Corynebacteriaceae_unclassified,0.6
Prevotella,0.5625
Caulobacter,0.5625
Anaerococcus,0.5375
Peptoniphilus,0.5375
Veillonellaceae_unclassified,0.525
Pseudomonas,0.5125
Dialister,0.5
Alkalibacterium,0.475
Enterococcus,0.45
Uruburuella,0.4375
Actinomycetaceae_unclassified,0.425
Actinomyces,0.4
Paracoccus,0.375
Staphylococcus,0.3625
HT002,0.3375
Prevotellaceae_unclassified,0.3375
Stenotrophomonas,0.3375
Howardella,0.325
Vibrio,0.2875
Peptostreptococcus,0.275
Campylobacter,0.2625
Microbacteriaceae_unclassified,0.25
Propionibacteriaceae_unclassified,0.25
Veillonella,0.2375
Mobiluncus,0.2375
Porphyromonas,0.2375
Actinotignum,0.2375
Alloscardovia,0.2125
Ezakiella,0.2125
Brevibacterium,0.2125
Family XI_unclassified,0.2
Fusobacterium,0.2
Cutibacterium,0.2
Anaeroglobus,0.1875
Escherichia-Shigella,0.1875
Limosilactobacillus,0.1875
Varibaculum,0.1875
Prevotella_7,0.175
Aerococcus,0.1625
Parvimonas,0.1625
Solobacterium,0.15
Virgibacillus,0.15
Idiomarina,0.15
Fenollaria,0.1375
Propionimicrobium,0.1375
Murdochiella,0.1375
Lacticaseibacillus,0.125
DNF00809,0.125
Arcanobacterium,0.125
Ureaplasma,0.125
Fastidiosipila,0.1125
Pseudoalteromonas,0.1125
Pseudonocardiaceae_unclassified,0.1
Sutterella,0.1
Facklamia,0.1
Enhydrobacter,0.1
Achromobacter,0.1
Coriobacteriaceae UCG-002,0.0875
Brucella,0.0875
Gemella,0.0875
Haemophilus,0.0875
Actinobaculum,0.075
Shuttleworthia,0.075
Faecalibacterium,0.075
Atopobiaceae_unclassified,0.075
Clostridium sensu stricto 1,0.075
Eggerthellaceae_unclassified,0.075
P5D1-392_unclassified,0.075
Negativicoccus,0.0625
Alloprevotella,0.0625
Alcaligenes,0.0625
S5-A14a,0.0625
Lactobacillaceae_unclassified,0.0625
Catenococcus,0.0625
Halomonas,0.0625
