Sample,Patient.ID,Group,Status,Age,Ethnicity,Smoking.status,Menopausal.status,Atrophy_Rx,BMI,DIVA,NGAT,Daily Living Mean,Impact,Sexual Impact,Self Esteem,Follow.Up
VANB1,1,Follow up,Atrophy,54,White British,Non-smoker,Menopausal,E2 gel & Mirena with vaginal estrogen (cont.),28.7,32,4,1,1,1.5,2.2,Yes
VAN1,1,Recruitment,Atrophy,54,White British,Non-smoker,Menopausal,E2 gel & Mirena with vaginal estrogen (cont.),28.7,47,6,1.2,1.75,2.5,2.8,Yes
VANB2,2,Follow up,Atrophy,50,White British,Non-smoker,Menopausal,HRT implants E2/T with Mirena (cont.); Vaginal DHEA,31,75,7,2.4,4.5,,5,Yes
VAN2,2,Recruitment,Atrophy,50,White British,Non-smoker,Menopausal,HRT implants E2/T with Mirena (cont.); Vaginal DHEA,31,76,5,3.4,4.5,2,5,Yes
VANB3,3,Follow up,Atrophy,67,White British,Non-smoker,Menopausal,Ospemifene (by mouth),35.5,59,6,1.4,5,1.5,5.2,Yes
VAN3,3,Recruitment,Atrophy,67,White British,Non-smoker,Menopausal,Ospemifene (by mouth),35.5,72,9,5,,,5,Yes
VANB4,4,Follow up,Atrophy,56,White British,Non-smoker,Menopausal,Prasterone (DHEA); HRT implants,46,64,0,3.2,3.5,2,3.6,Yes
VAN4,4,Recruitment,Atrophy,56,White British,Non-smoker,Menopausal,Prasterone (DHEA); HRT implants,46,63,9,3.2,,2,3.8,Yes
VANB5,5,Follow up,Atrophy,57,White British,Non-smoker,Menopausal,Vaginal DHEA (cont.),36,38,3,1.2,1.75,,3.2,Yes
VAN5,5,Recruitment,Atrophy,57,White British,Non-smoker,Menopausal,Vaginal DHEA (cont.),36,59,7,3,2.25,,4.2,Yes
VANB6,6,Follow up,Atrophy,67,White British,Non-smoker,Menopausal,Vaginal DHEA (cont.),22,43,10,,,,,Yes
VAN6,6,Recruitment,Atrophy,67,White British,Non-smoker,Menopausal,Vaginal DHEA (cont.),22,53,9,,,,,Yes
VANB7,7,Follow up,Atrophy,55,White British,Non-smoker,Menopausal,YES VM/WB prescribed,26.3,67,10,,,,,Yes
VAN7,7,Recruitment,Atrophy,55,White British,Non-smoker,Menopausal,YES VM/WB prescribed,26.3,75,10,,,,,Yes
VANB8,8,Follow up,Atrophy,73,White British,Non-smoker,Menopausal,Vaginal DHEA,23.1,58,9,2.4,2,,1.4,Yes
VAN8,8,Recruitment,Atrophy,73,White British,Non-smoker,Menopausal,Vaginal DHEA,23.1,45,14,3.2,2.25,,1.8,Yes
VANB9,9,Follow up,Atrophy,57,White British,Non-smoker,Menopausal,Estriol 0.03mg pessaries; DHEA (cont.),23,60,5,1.4,2.75,2.88,3.8,Yes
VAN9,9,Recruitment,Atrophy,57,White British,Non-smoker,Menopausal,Estriol 0.03mg pessaries; DHEA (cont.),23,75,11,1.2,2.75,4.38,4.6,Yes
VANB10,10,Follow up,Atrophy,56,White British,Non-smoker,Menopausal,Prasterone (DHEA),24.2,29,6,1,1,1.75,1.2,Yes
VAN10,10,Recruitment,Atrophy,56,White British,Non-smoker,Menopausal,Prasterone (DHEA),24.2,65,5,2.6,4.25,,4,Yes
VANB11,11,Follow up,Atrophy,49,White British,Non-smoker,Menopausal,Lezetto (seystemic estrogen spray and vaginal DHEA) - (cont.),20.3,68,4,1,2.75,3.38,5,Yes
VAN11,11,Recruitment,Atrophy,49,White British,Non-smoker,Menopausal,Lezetto (seystemic estrogen spray and vaginal DHEA) - (cont.),20.3,82,12,1.2,3,5,4.8,Yes
VANB12,12,Follow up,Atrophy,54,White British,Non-smoker,Menopausal,Systemic HRT; vaginal estrogen,20,72,1,2.2,3.75,,5,Yes
VAN12,12,Recruitment,Atrophy,54,White British,Non-smoker,Menopausal,Systemic HRT; vaginal estrogen,20,80,6,1.2,3.75,4.25,5,Yes
VANB13,13,Follow up,Atrophy,67,White British,Non-smoker,Menopausal,Estriol 0.01% cream (cont.),29.7,37,8,2.4,,,3.6,Yes
VAN13,13,Recruitment,Atrophy,67,White British,Non-smoker,Menopausal,Estriol 0.01% cream (cont.),29.7,52,9,3.8,3.75,,,Yes
VANB14,14,Follow up,Atrophy,38,White British,Non-smoker,Menopausal,Prasterone added (tibolone cont.),18.7,33,3,,,,,Yes
VAN14,14,Recruitment,Atrophy,38,White British,Non-smoker,Menopausal,Prasterone added (tibolone cont.),18.7,91,7,,,,,Yes
VANB15,15,Follow up,Atrophy,45,White British,Non-smoker,Menopausal,0.1% cream (Mirena),41.9,63,0,2.4,3.25,2.75,3.2,Yes
VAN15,15,Recruitment,Atrophy,45,White British,Non-smoker,Menopausal,0.1% cream (Mirena),41.9,55,3,2.2,3.75,2,2.6,Yes
VANB16,16,Follow up,Atrophy,52,White British,Non-smoker,Menopausal,COC changed to Zoely (natural oestrogen),38.6,29,4,1.2,1,,,Yes
VAN16,16,Recruitment,Atrophy,52,White British,Non-smoker,Menopausal,COC changed to Zoely (natural oestrogen),38.6,35,2,1,1.5,,3.4,Yes
VANB17,17,Follow up,Atrophy,63,White British,Non-smoker,Menopausal,4 pumps oestogel/micronised progesterone/prasterone - cont?,23.5,55,10,,3,1.38,5,Yes
VAN17,17,Recruitment,Atrophy,63,White British,Non-smoker,Menopausal,4 pumps oestogel/micronised progesterone/prasterone - cont?,23.5,65,7,1,,3.63,4.4,Yes
VANB18,18,Follow up,Atrophy,69,White British,Non-smoker,Menopausal,Prasterone (CO2 laser received prior to recruitment),19.8,56,7,,,,,Yes
VAN18,18,Recruitment,Atrophy,69,White British,Non-smoker,Menopausal,Prasterone (CO2 laser received prior to recruitment),19.8,55,10,,,,,Yes
VAN19,19,Recruitment,Atrophy,33,White British,Smoker,Menopausal,Prasterone (no follow up),21.7,30,8,,,,,No
VANB20,20,Follow up,Atrophy,50,White British,Non-smoker,Menopausal,Tibolone (CO2 laser received prior to recruitment),22.5,35,0,1.6,1.75,1.5,1.6,Yes
VAN20,20,Recruitment,Atrophy,50,White British,Non-smoker,Menopausal,Tibolone (CO2 laser received prior to recruitment),22.5,64,0,1.8,2.25,3,4.4,Yes
VANB21,21,Follow up,Atrophy,57,White British,Non-smoker,Menopausal,Oestrogel 2 pumps with micronised progesterone. Eestriol cream delivery vaginally (cont.) and to vulva introduced.,20.6,53,0,2.2,2.25,1.63,4,Yes
VAN21,21,Recruitment,Atrophy,57,White British,Non-smoker,Menopausal,Oestrogel 2 pumps with micronised progesterone. Eestriol cream delivery vaginally (cont.) and to vulva introduced.,20.6,88,7,3.4,3.75,4,4.8,Yes
VANB22,22,Follow up,Atrophy,74,White British,Non-smoker,Menopausal,Ospemifene. Estriol 0.1% cream (cont.),24.5,18,13,1.2,1,,1,Yes
VAN22,22,Recruitment,Atrophy,74,White British,Non-smoker,Menopausal,Ospemifene. Estriol 0.1% cream (cont.),24.5,25,13,2.8,,,1,Yes
VAN23,23,Control,Non-Atrophy,33,Asian Pakistani,Non-smoker,Pre-menopausal,NA,34.6,28,3,1,,1.88,,Not applicable
VAN24,24,Control,Non-Atrophy,22,White British,Non-smoker,Pre-menopausal,NA,21,61,0,2.6,3.25,3.5,1.4,Not applicable
VANB25,25,Follow up,Atrophy,78,White British,Non-smoker,Menopausal,IMVAGGIS estriol pessaries,24.4,37,9,1,1,,2,Yes
VAN25,25,Recruitment,Atrophy,78,White British,Non-smoker,Menopausal,IMVAGGIS estriol pessaries,24.4,58,11,2,,4.63,,Yes
VANB26,26,Follow up,Atrophy,55,White British,Non-smoker,Menopausal,Vaginal oestradiol pessaries,45.3,55,0,1.4,,3.5,2.4,Yes
VAN26,26,Recruitment,Atrophy,55,White British,Non-smoker,Menopausal,Vaginal oestradiol pessaries,45.3,64,4,2.4,3,3.25,2.8,Yes
VANB27,27,Follow up,Atrophy,51,White British,Non-smoker,Menopausal,Sandrena/Utrogestan; estriol cream,21.8,62,11,2.4,4.5,1.5,4,Yes
VAN27,27,Recruitment,Atrophy,51,White British,Non-smoker,Menopausal,Sandrena/Utrogestan; estriol cream,21.8,59,15,3.8,4,1.63,2.2,Yes
VANB28,28,Follow up,Atrophy,46,White British,Non-smoker,Menopausal,4 pumps oestrogel/Mirena/IMVAGGIS,23,72,0,1.6,2.25,3.88,4.8,Yes
VAN28,28,Recruitment,Atrophy,46,White British,Non-smoker,Menopausal,4 pumps oestrogel/Mirena/IMVAGGIS,23,77,6,2.8,3,3.5,4.6,Yes
VANB29,29,Follow up,Atrophy,47,Other white,Non-smoker,Menopausal,Kliofem; Prasterone,27.6,23,4,1.4,1.25,,1.8,Yes
VAN29,29,Recruitment,Atrophy,47,Other white,Non-smoker,Menopausal,Kliofem; Prasterone,27.6,23,3,1,1.25,,2.6,Yes
VANB30,30,Follow up,Atrophy,46,Mixed White/Hispanic,Non-smoker,Menopausal,Estriol pessaries,44.8,76,7,1.6,3,3.88,5,Yes
VAN30,30,Recruitment,Atrophy,46,Mixed White/Hispanic,Non-smoker,Menopausal,Estriol pessaries,44.8,70,5,2,,4.25,,Yes
VAN31,31,Recruitment,Atrophy,61,White British,Non-smoker,Menopausal,Prasterone,34.3,78,10,,,,,No
VANB32,32,Follow up,Atrophy,64,White British,Non-smoker,Menopausal,Prasterone,22.5,54,2,,,,,Yes
VAN32,32,Recruitment,Atrophy,64,White British,Non-smoker,Menopausal,Vagifem (oestradiol 10mcg) vaginally delivered; 5x week (outside of license),22.5,70,7,,,,,Yes
VANB33,33,Follow up,Atrophy,62,White British,Non-smoker,Menopausal,Vagifem (oestradiol 10mcg) vaginally delivered; 5x week (outside of license),22.6,64,13,,,,,Yes
VAN33,33,Recruitment,Atrophy,62,White British,Non-smoker,Menopausal,Vaginal estriol pessaries (IMVAGGIS),22.6,71,12,,,,,Yes
VANB34,34,Follow up,Atrophy,62,White British,Non-smoker,Menopausal,Vaginal estriol pessaries (IMVAGGIS),24.7,45,9,1.2,1.25,,4.4,Yes
VAN34,34,Recruitment,Atrophy,62,White British,Non-smoker,Menopausal,Vaginal estriol pessaries,24.7,43,13,1.4,1,,2.4,Yes
VANB35,35,Follow up,Atrophy,61,White British,Non-smoker,Menopausal,1 pump oestogel/Mirena (systemic) daily vaginal estradiol 10mcg,24.9,54,5,1.6,3,,5,Yes
VAN35,35,Recruitment,Atrophy,61,White British,Non-smoker,Menopausal,1 pump oestogel/Mirena (systemic) daily vaginal estradiol 10mcg,24.9,62,8,1.4,4.25,,4.4,Yes
VANB36,36,Follow up,Atrophy,65,White British,Non-smoker,Menopausal,Estriol 0.1% cream,29.2,23,8,2.2,1.5,,,Yes
VAN36,36,Recruitment,Atrophy,65,White British,Non-smoker,Menopausal,Estriol 0.1% cream,29.2,37,14,3.6,2,,1.4,Yes
VANB37,37,Follow up,Atrophy,55,British Asian,Non-smoker,Menopausal,DHEA 6.5mg pv,20.4,55,4,1.2,2,2.88,3.6,Yes
VAN37,37,Recruitment,Atrophy,55,British Asian,Non-smoker,Menopausal,DHEA 6.5mg pv,20.4,67,7,1.2,2.5,,4.6,Yes
VANB38,38,Follow up,Atrophy,42,White British,Smoker,Menopausal,Vaginal oestradiol,34.6,28,2,1.4,1,1,1.8,Yes
VAN38,38,Recruitment,Atrophy,42,White British,Smoker,Menopausal,Vaginal oestradiol,34.6,45,8,1.6,,2,3,Yes
VANB39,39,Follow up,Atrophy,49,White British,Non-smoker,Menopausal,Sandrean/Mirena/Testogel/Vagifem,27.1,21,1,1,1,1,2,Yes
VAN39,39,Recruitment,Atrophy,49,White British,Non-smoker,Menopausal,Sandrean/Mirena/Testogel/Vagifem,27.1,29,2,1,1,1.88,1,Yes
VANB40,40,Follow up,Atrophy,45,Mixed White/Black,Non-smoker,Menopausal,Vaginal oestradiol as per licence ,23.3,22,0,1,1,1,1,Yes
VAN40,40,Recruitment,Atrophy,45,Mixed White/Black,Non-smoker,Menopausal,Vaginal oestradiol as per licence ,23.3,59,2,1.8,,3.88,2,Yes
VAN41,41,Control,Non-Atrophy,28,White British,Non-smoker,Pre-menopausal,NA,34.3,22,1,1,1,1,1,Not applicable
VANB42,42,Follow up,Atrophy,54,White British,Non-smoker,Menopausal,Sandrena 1mg/Utrogeston 100mg/Tostran 2% (systemic HRT),23.3,86,5,,,,,Yes
VAN42,42,Recruitment,Atrophy,54,White British,Non-smoker,Menopausal,Sandrena 1mg/Utrogeston 100mg/Tostran 2% (systemic HRT),23.3,93,4,,,,,Yes
VAN43,43,Control,Non-Atrophy,40,White British,Non-smoker,Pre-menopausal,NA,21,65,1,2.8,3.75,,5,Not applicable
VANB44,44,Follow up,Atrophy,64,White British,Non-smoker,Menopausal,Ospemifene 60mg daily,27.9,68,4,,,,,Yes
VAN44,44,Recruitment,Atrophy,64,White British,Non-smoker,Menopausal,Ospemifene 60mg daily,27.9,88,13,,,,,Yes
VANB45,45,Follow up,Atrophy,41,White British,Smoker,Pre-menopausal,Estriol 0.1% cream twice weekly,21.8,43,8,1.2,2.75,,3,Yes
VAN45,45,Recruitment,Atrophy,41,White British,Smoker,Pre-menopausal,Estriol 0.1% cream twice weekly,21.8,85,6,2.6,4.25,4.38,4,Yes
VANB46,46,Follow up,Atrophy,45,White British,Non-smoker,Menopausal,Vaginal oestradiol 10mcg x 4/week (CO2 laster previous),25,36,2,1.2,2,1.5,2,Yes
VAN46,46,Recruitment,Atrophy,45,White British,Non-smoker,Menopausal,Vaginal oestradiol 10mcg x 4/week (CO2 laster previous),25,66,3,1.6,2.75,3.25,4.2,Yes
VANB47,47,Follow up,Atrophy,47,White British,Non-smoker,Menopausal,Oestrogel 3 pumps daily/Tostran 2%/Prasterone 6.5 mg daily (Hysterectomy),29.4,38,2,1,1,,4.4,Yes
VAN47,47,Recruitment,Atrophy,47,White British,Non-smoker,Menopausal,Oestrogel 3 pumps daily/Tostran 2%/Prasterone 6.5 mg daily (Hysterectomy),29.4,70,3,1.4,2.25,,4.8,Yes
VANB48,48,Follow up,Atrophy,49,White British,Non-smoker,Menopausal,Oestrogel/Micronised progesterone (Rx for PMDD)/Prasterone,24,52,0,1.2,2.5,,3.8,Yes
VAN48,48,Recruitment,Atrophy,49,White British,Non-smoker,Menopausal,Oestrogel/Micronised progesterone (Rx for PMDD)/Prasterone,24,64,8,1.4,,,3.6,Yes
VAN49,49,Control,Non-Atrophy,24,White British,Smoker,Pre-menopausal,NA,27.2,60,1,2,2.25,4.5,1,Not applicable
VAN50,50,Control,Non-Atrophy,23,White British,Non-smoker,Pre-menopausal,NA,NA,34,0,1,1.5,2,1.4,Not applicable
VANB51,51,Follow up,Atrophy,48,White British,Non-smoker,Menopausal,Oestrogel 2 pumps with micronised progesterone. Eestriol cream delivery vaginally (cont.) and to vulva introduced.,30.9,41,0,1.4,1.25,1.88,2.8,Yes
VAN51,51,Recruitment,Atrophy,48,White British,Non-smoker,Menopausal,Oestrogel 2 pumps with micronised progesterone. Eestriol cream delivery vaginally (cont.) and to vulva introduced.,30.9,44,7,1.8,1.75,2,2.4,Yes
VAN52,52,Control,Non-Atrophy,23,White British,Non-smoker,Pre-menopausal,NA,26.8,26,0,1,1.5,1.25,1,Not applicable
VANB53,53,Follow up,Atrophy,46,White British,Non-smoker,Menopausal,Sandrena 1 mg ( Mirena)/vaginal estriol (Vagifem),22.4,22,2,1,1,1,1,Yes
VAN53,53,Recruitment,Atrophy,46,White British,Non-smoker,Menopausal,Sandrena 1 mg ( Mirena)/vaginal estriol (Vagifem),22.4,22,6,1,1,1,1,Yes
VAN54,54,Control,Non-Atrophy,29,White British,Non-smoker,Pre-menopausal,NA,25.1,24,0,1.6,,1,1,Not applicable
VAN55,55,Control,Non-Atrophy,45,White British,Non-smoker,Pre-menopausal,NA,28.2,23,2,1,,1.25,1,Not applicable
VANB56,56,Follow up,Atrophy,47,White British,Non-smoker,Menopausal,Mirena/2 pumps Oestrogel/CO2 laser/estriol 0.1% cream,23.5,49,1,1.8,,,4.8,Yes
VAN56,56,Recruitment,Atrophy,47,White British,Non-smoker,Menopausal,Mirena/2 pumps Oestrogel/CO2 laser/estriol 0.1% cream,23.5,63,1,2.8,4.5,,5,Yes
VAN57,57,Control,Non-Atrophy,27,African,Non-smoker,Pre-menopausal,NA,23,22,1,1,1,1,1,Not applicable
VAN58,58,Control,Non-Atrophy,48,White British,Non-smoker,Menopausal,NA,24.8,21,1,1,,1,1,Not applicable
VANB59,59,Follow up,Atrophy,58,White British,Non-smoker,Menopausal,Ospemifene 60 mg daily,30.9,56,3,2,,,5.2,Yes
VAN59,59,Recruitment,Atrophy,58,White British,Non-smoker,Menopausal,Ospemifene 60 mg daily,30.9,68,5,4.4,,,,Yes
VAN60,60,Control,Non-Atrophy,60,Mixed White/Chinese,Non-smoker,Menopausal,NA,20.2,47,0,1,1,,4,Not applicable