Sample,Patient.ID,Microbiome
VANB1,1,Present
VAN1,1,Present
VANB2,2,Present
VAN2,2,Present
VANB3,3,Present
VAN3,3,Present
VANB4,4,Present
VAN4,4,Present
VANB5,5,Present
VAN5,5,Present
VANB8,8,Present
VAN8,8,Present
VANB9,9,Present
VAN9,9,Present
VANB10,10,Present
VAN10,10,Present
VANB11,11,Present
VAN11,11,Present
VANB12,12,Present
VAN12,12,Present
VANB13,13,Present
VAN13,13,Present
VANB15,15,Present
VAN15,15,Present
VANB17,17,Present
VAN17,17,Present
VANB20,20,Present
VAN20,20,Present
VANB21,21,Present
VAN21,21,Present
VANB22,22,Present
VAN22,22,Present
VAN23,23,Present
VAN24,24,Present
VANB25,25,Present
VAN25,25,Present
VANB26,26,Present
VAN26,26,Present
VANB27,27,Present
VAN27,27,Present
VANB28,28,Present
VAN28,28,Present
VANB29,29,Present
VAN29,29,Present
VANB30,30,Present
VAN30,30,Present
VANB34,34,Present
VAN34,34,Present
VANB35,35,Present
VAN35,35,Present
VANB36,36,Present
VAN36,36,Present
VANB37,37,Present
VAN37,37,Present
VANB39,39,Present
VAN39,39,Present
VANB40,40,Present
VAN40,40,Present
VAN41,41,Present
VAN43,43,Present
VANB47,47,Present
VAN47,47,Present
VANB48,48,Present
VAN48,48,Present
VAN49,49,Present
VAN50,50,Present
VANB51,51,Present
VAN51,51,Present
VAN52,52,Present
VANB53,53,Present
VAN53,53,Present
VAN54,54,Present
VAN55,55,Present
VANB56,56,Present
VAN56,56,Present
VAN57,57,Present
VAN58,58,Present
VANB59,59,Present
VAN59,59,Present
VAN60,60,Present
