Node,Degree,Network
Lactobacillus,16,Recruitment
Streptococcus,4,Recruitment
Veillonellaceae_unclassified,1,Recruitment
Formate_5,1,Recruitment
Unknown_15,1,Recruitment
Unknown_23,2,Recruitment
Unknown_24,1,Recruitment
Unknown_25,1,Recruitment
Unknown_26,1,Recruitment
Unknown_28,1,Recruitment
Uracil_30,2,Recruitment
Carnitine_119,1,Recruitment
O_phosphocholine_120,2,Recruitment
Aspartate_136,1,Recruitment
Unknown_148,1,Recruitment
Unknown_153,1,Recruitment
Glutamine_154,2,Recruitment
Unknown_169,1,Recruitment
Glutamine.glutamate_173,1,Recruitment
Leucine_229,1,Recruitment
Lactobacillus,12,Follow up
Streptococcus,2,Follow up
Formate_5,1,Follow up
Unknown_22,1,Follow up
Unknown_46,1,Follow up
Unknown_47,1,Follow up
Isoleucine.unknown_194,1,Follow up
Leucine.unknown_209,1,Follow up
Leucine.unknown_211,1,Follow up
Unknown_214,1,Follow up
Unknown_215,1,Follow up
Isoleucine_225,2,Follow up
Leucine_229,2,Follow up
Leucine.isoleucine_230,1,Follow up
