Node,Betweenness,Network
Lactobacillus,161.5,Recruitment
Streptococcus,19.5,Recruitment
Veillonellaceae_unclassified,0,Recruitment
Formate_5,0,Recruitment
Unknown_15,0,Recruitment
Unknown_23,10,Recruitment
Unknown_24,0,Recruitment
Unknown_25,0,Recruitment
Unknown_26,0,Recruitment
Unknown_28,0,Recruitment
Uracil_30,10,Recruitment
Carnitine_119,0,Recruitment
O_phosphocholine_120,10,Recruitment
Aspartate_136,0,Recruitment
Unknown_148,0,Recruitment
Unknown_153,0,Recruitment
Glutamine_154,18,Recruitment
Unknown_169,0,Recruitment
Glutamine.glutamate_173,0,Recruitment
Leucine_229,0,Recruitment
Lactobacillus,75.5,Follow up
Streptococcus,0.5,Follow up
Formate_5,0,Follow up
Unknown_22,0,Follow up
Unknown_46,0,Follow up
Unknown_47,0,Follow up
Isoleucine.unknown_194,0,Follow up
Leucine.unknown_209,0,Follow up
Leucine.unknown_211,0,Follow up
Unknown_214,0,Follow up
Unknown_215,0,Follow up
Isoleucine_225,5.5,Follow up
Leucine_229,5.5,Follow up
Leucine.isoleucine_230,0,Follow up
