Met,SigBins,Estimates,Direction,Concordance
Unknown-23,1 of 1,0.232,Positive,Both visits
O-phosphocholine,1 of 1,0.119,Positive,Both visits
Unknown-153,1 of 1,0.077,Positive,Both visits
Glutamine,1 of 1,0.066,Positive,Both visits
Lactate,1 of 1,-0.092,Negative,Both visits
Formate,1 of 1,0.174,Positive,Both visits
Unknown-25,1 of 1,0.138,Positive,Both visits
Unknown-7,1 of 1,0.149,Positive,Both visits
Unknown-24,1 of 1,0.204,Positive,Both visits
Creatine phosphate,1 of 1,0.071,Positive,Both visits
Glutamine-unknown,1 of 2,0.088,Positive,Both visits
Acetate,1 of 1,0.113,Positive,Both visits
Leucine,1 of 1,-0.098,Negative,Both visits
Unknown-26,1 of 1,0.1,Positive,Both visits
Unknown-124,1 of 1,-0.057,Negative,Both visits
Glucose,8 of 9,0.066 to 0.115,Positive,Both visits
Unknown-31,1 of 1,0.149,Positive,Follow up
Leucine-isoleucine,1 of 1,-0.074,Negative,Both visits
Isoleucine,1 of 1,-0.104,Negative,Recruitment
Unknown-125,1 of 1,-0.045,Negative,Follow up
N-N-dimethylglycine,1 of 1,0.135,Positive,Recruitment
Unknown-8,1 of 1,0.082,Positive,Recruitment
Methionine,1 of 2,-0.063,Negative,Follow up
Unknown-126,1 of 1,-0.04,Negative,Follow up
