Cohort,MetaboliteBin,Statistic,StatValue,tau,Exact,pval,adjP
Recruitment,Unknown_23,z,4.00805831236896,0.441752201017827,FALSE,6.12200062315291e-05,0.000428540043620704
Recruitment,O_phosphocholine_120,z,3.92092660992616,0.432148892300048,FALSE,8.82091266039861e-05,0.000493971108982322
Recruitment,Formate_5,z,4.26945341969737,0.470562127171163,FALSE,1.95952565040663e-05,0.000182889060704618
Recruitment,Unknown_24,z,2.74464862694831,0.302504224610034,FALSE,0.00605757175578771,0.0120807606727375
Recruitment,Unknown_25,z,3.04960958549812,0.33611580512226,FALSE,0.00229139020654314,0.00583262961665527
Recruitment,Lactate_48,z,-3.11495836233023,-0.343318286660594,FALSE,0.00183970877125375,0.00515118455951049
Recruitment,N.N.dimethylglycine_134,z,2.4396876683985,0.268892644097808,FALSE,0.0146999651261736,0.0228666124184923
Recruitment,Unknown_153,z,4.8140265599649,0.530582806657281,FALSE,1.47919135244678e-06,2.86651194719384e-05
Recruitment,Glutamine_154,z,4.74867778313279,0.523380325118947,FALSE,2.04750853370989e-06,2.86651194719384e-05
Recruitment,Unknown_31,z,1.08914628053504,0.120041358972236,FALSE,0.276089383780334,0.286314916512939
Recruitment,Unknown_7,z,2.63573399889481,0.29050008871281,FALSE,0.00839555168558026,0.0138279674821322
Recruitment,Leucine_229,z,-3.20209006477303,-0.352921595378372,FALSE,0.00136434333800505,0.00477520168301768
Recruitment,Unknown_125,z,-1.55756566456254,-0.171758916162511,FALSE,0.119336243295108,0.133656592490521
Recruitment,Glucose_116,z,2.3961218171771,0.264090989738918,FALSE,0.0165695824592052,0.0231974154428873
Recruitment,Unknown_124,z,-2.3961218171771,-0.264090989738918,FALSE,0.0165695824592052,0.0231974154428873
Recruitment,Creatinephosphate_130,z,2.63573399889481,0.29050008871281,FALSE,0.00839555168558026,0.0138279674821322
Recruitment,Glucose_101,z,1.7536228810809,0.193378919595554,FALSE,0.0794951476975935,0.0927443389805258
Recruitment,Glucose_102,z,2.04759500740588,0.225677754867803,FALSE,0.0405996989586065,0.0516723441291355
Recruitment,Glucose_103,z,2.24364133790219,0.247285199482805,FALSE,0.0248554872839204,0.0331406497118939
Recruitment,Methionine_140,z,-1.32875846225275,-0.146450457946127,FALSE,0.183927670261655,0.198075952589474
Recruitment,Unknown_8,z,2.72286570133761,0.300103397430589,FALSE,0.00647183607468078,0.0120807606727375
Recruitment,Unknown_126,z,-1.04558042931364,-0.115239704613346,FALSE,0.295754788862729,0.295754788862729
Recruitment,Unknown_26,z,2.89712910622322,0.319310014866147,FALSE,0.00376594740252964,0.00811127132852539
Recruitment,Glucose_104,z,1.96046330496308,0.216074446150024,FALSE,0.0499416629189167,0.0607985461621594
Recruitment,Isoleucine_225,z,-3.13674128794093,-0.345719113840038,FALSE,0.00170836800792633,0.00515118455951049
Recruitment,Glutamine.unknown_172,z,3.63774857698705,0.400938138967267,FALSE,0.000275031706538783,0.00110012682615513
Recruitment,Leucine.isoleucine_230,z,-2.94069495744462,-0.324111669225036,FALSE,0.00327476851697197,0.00764112653960126
Recruitment,Acetate_197,z,3.72488027942985,0.410541447685046,FALSE,0.000195407937408973,0.000911903707908543
Follow up,Unknown_23,z,3.63729931561783,0.404021201815623,FALSE,0.000275511702952138,0.00209875462970664
Follow up,O_phosphocholine_120,z,3.28776905105395,0.365196341581089,FALSE,0.0010098464404821,0.00381877144504671
Follow up,Formate_5,z,3.11300391877201,0.345783911463822,FALSE,0.00185193558718361,0.00398878434162624
Follow up,Unknown_24,z,3.22223212644823,0.357916680287114,FALSE,0.00127196040730773,0.00395721015606849
Follow up,Unknown_25,z,3.3096146925892,0.367622895345747,FALSE,0.000934244813915436,0.00381877144504671
Follow up,Lactate_48,z,-4.554816260098,-0.505936459931276,FALSE,5.24313871293429e-06,0.00014680788396216
Follow up,N.N.dimethylglycine_134,z,1.58380901130506,0.175925147937734,FALSE,0.113237188015131,0.113237188015131
Follow up,Unknown_153,z,3.1566952018425,0.350637018993139,FALSE,0.00159568044570687,0.00398878434162624
Follow up,Glutamine_154,z,3.17854084337774,0.353063572757797,FALSE,0.00148018362415493,0.00398878434162624
Follow up,Unknown_31,z,2.98193006956056,0.331224588875871,FALSE,0.00286437418504698,0.00572874837009396
Follow up,Unknown_7,z,3.13484956030726,0.34821046522848,FALSE,0.00171942263716553,0.00398878434162624
Follow up,Leucine_229,z,-2.28286954043281,-0.253574868406803,FALSE,0.0224380541755474,0.0285575234961512
Follow up,Unknown_125,z,-3.79021880636452,-0.421007078168232,FALSE,0.000150514638420206,0.00209875462970664
Follow up,Glucose_116,z,2.67609108806717,0.297252836170654,FALSE,0.00744863980487736,0.0130351196585354
Follow up,Unknown_124,z,-3.48457031592061,-0.38726028062613,FALSE,0.000492927924835264,0.00276039637907748
Follow up,Creatinephosphate_130,z,3.61545367408259,0.401594648050965,FALSE,0.000299822089958091,0.00209875462970664
Follow up,Glucose_101,z,2.30471518196805,0.256001422171461,FALSE,0.0211825300525737,0.0285575234961512
Follow up,Glucose_102,z,2.50132595578523,0.277840406053387,FALSE,0.0123729241210267,0.0182337829151972
Follow up,Glucose_103,z,2.50132595578523,0.277840406053387,FALSE,0.0123729241210267,0.0182337829151972
Follow up,Methionine_140,z,-2.08625876661563,-0.231735884524877,FALSE,0.0369551895457757,0.043114387803405
Follow up,Unknown_8,z,1.80226542665748,0.200190685584318,FALSE,0.0715036552865222,0.0741519388156527
Follow up,Unknown_126,z,-3.26592340951871,-0.362769787816431,FALSE,0.00109107755572763,0.00381877144504671
Follow up,Unknown_26,z,2.21733261582708,0.246295207112827,FALSE,0.0266003706675502,0.0323830599431045
Follow up,Glucose_104,z,2.04256748354515,0.22688277699556,FALSE,0.0410952727254716,0.0460267054525282
Follow up,Isoleucine_225,z,-1.82411106819272,-0.202617239348976,FALSE,0.0681352825707447,0.0733764581531097
Follow up,Glutamine.unknown_172,z,2.52317159732047,0.280266959818045,FALSE,0.0116301633553492,0.0182337829151972
Follow up,Leucine.isoleucine_230,z,-2.28286954043281,-0.253574868406803,FALSE,0.0224380541755474,0.0285575234961512
Follow up,Acetate_197,z,2.93823878649008,0.326371481346555,FALSE,0.00330082682688604,0.00616154341018727
