Sample,Shannon,Richness,Patient.ID,Group,Status,Age,Ethnicity,Smoking.status,Menopausal.status,Atrophy_Rx,BMI,DIVA,NGAT,Daily.Living.Mean,Impact,Sexual.Impact,Self.Esteem,Follow.Up,input,filtered,denoisedF,nonchim,PropPassed,NMDS1.BC,NMDS2.BC,NMDS1.RA,NMDS2.RA,LactoRelA,LactoRelABin
VAN1,0.19580666086509,21.0873,1,Recruitment,Atrophy,54,White British,Non-smoker,Menopausal,E2 gel & Mirena with vaginal estrogen (cont.),28.7,47,6,1.2,1.75,2.5,2.8,Yes,20357,19764,19708,19666,0.966055902146682,-0.258079063043219,0.00148648036757105,-2.84516503583879,3.84618403417997,0.971614489931854,NA
VAN10,0.669951441169852,21.085,10,Recruitment,Atrophy,56,White British,Non-smoker,Menopausal,Prasterone (DHEA),24.2,65,5,2.6,4.25,NA,4,Yes,53059,52337,52265,52069,0.981341525471645,-0.101973403084874,0.119998940483514,5.27414631189508,1.77200566739489,0.82701270571854,NA
VAN11,0.977992900485436,14.8478,11,Recruitment,Atrophy,49,White British,Non-smoker,Menopausal,Lezetto (seystemic estrogen spray and vaginal DHEA) - (cont.),20.3,82,12,1.2,3,5,4.8,Yes,28924,28680,28653,28369,0.980811782602683,0.524146545041901,0.102379604404333,7.27226470869637,-6.19065250895146,0.000211558125595007,0-19%
VAN12,1.65127718380524,15.1726,12,Recruitment,Atrophy,54,White British,Non-smoker,Menopausal,Systemic HRT; vaginal estrogen,20,80,6,1.2,3.75,4.25,5,Yes,28782,28491,28467,28446,0.988326037106525,0.497264638183538,0.248907434058681,7.15459274630937,-5.55563055789043,0.000246348759458033,0-19%
VAN13,0.965658979159452,12.6933,13,Recruitment,Atrophy,67,White British,Non-smoker,Menopausal,Estriol 0.01% cream (cont.),29.7,52,9,3.8,3.75,NA,NA,Yes,32662,32191,32138,31773,0.972781825975139,-0.0983928290149185,-0.135851131330838,-4.59908060805105,0.000120483317094846,0.59698275862069,40-59%
VAN15,0.371780294375279,24.5609,15,Recruitment,Atrophy,45,White British,Non-smoker,Menopausal,0.1% cream (Mirena),41.9,55,3,2.2,3.75,2,2.6,Yes,88427,86494,86243,85057,0.961889468148869,-0.221356857224847,-0.00289168371025071,0.367583306857761,2.52387324554983,0.939000319122531,NA
VAN17,0.490587933087179,3.6792,17,Recruitment,Atrophy,63,White British,Non-smoker,Menopausal,4 pumps oestogel/micronised progesterone/prasterone - cont,23.5,65,7,1,NA,3.63,4.4,Yes,48963,48558,48544,48487,0.990278373465678,-0.14664617123578,0.171294087517722,2.50575882815294,-1.12612591819781,0.827099622470241,NA
VAN2,0.3013442434802,23.8163,2,Recruitment,Atrophy,50,White British,Non-smoker,Menopausal,HRT implants E2/T with Mirena (cont.); Vaginal DHEA,31,76,5,3.4,4.5,2,5,Yes,18751,18262,18200,18200,0.970614900538638,-0.2262237419394,0.0151454485389017,0.476692069531908,2.89747257410151,0.948193440800445,NA
VAN20,0.155557969545149,2.8636,20,Recruitment,Atrophy,50,White British,Non-smoker,Menopausal,Tibolone (CO2 laser received prior to recruitment),22.5,64,0,1.8,2.25,3,4.4,Yes,12975,12877,12865,12865,0.991522157996146,-0.272737303925832,0.0190720849092915,1.90267109331737,0.358319447503177,0.964296826384567,NA
VAN21,0.326188292178383,11.7286,21,Recruitment,Atrophy,57,White British,Non-smoker,Menopausal,Oestrogel 2 pumps with micronised progesterone. Eestriol cream delivery vaginally (cont.) and to vulva introduced.,20.6,88,7,3.4,3.75,4,4.8,Yes,47531,46665,46583,46342,0.974984746796827,-0.265588394745988,0.0226051317717142,-1.38097710802461,5.41583172196976,0.915990692212339,NA
VAN22,1.9071883443902,32.2229,22,Recruitment,Atrophy,74,White British,Non-smoker,Menopausal,Ospemifene. Estriol 0.1% cream (cont.),24.5,25,13,2.8,NA,NA,1,Yes,60257,58323,58000,56981,0.945632872529333,0.438282765423477,-0.235777640791031,-7.66933783645507,-5.27529438719,0.00124152077298163,0-19%
VAN23,0.66844095838375,18.9761,23,Control,Non-Atrophy,33,Asian Pakistani,Non-smoker,Pre-menopausal,NA,34.6,28,3,1,NA,1.88,NA,Not applicable,19722,15913,15677,15557,0.788814521853767,NA,NA,NA,NA,0.842836022369351,NA
VAN24,0.990238672757172,21.3764,24,Control,Non-Atrophy,22,White British,Non-smoker,Pre-menopausal,NA,21,61,0,2.6,3.25,3.5,1.4,Not applicable,16524,13279,13112,13065,0.790668119099492,NA,NA,NA,NA,0.780814576634512,60-79%
VAN25,0.543463086034966,26.1445,25,Recruitment,Atrophy,78,White British,Non-smoker,Menopausal,IMVAGGIS estriol pessaries,24.4,58,11,2,NA,4.63,NA,Yes,38978,38276,38191,38134,0.978346759710606,0.19974615856961,0.414355901900968,6.08712538813483,0.32914373303698,0.0674032270884667,0-19%
VAN26,0.30791405775365,13.6269,26,Recruitment,Atrophy,55,White British,Non-smoker,Menopausal,Vaginal oestradiol pessaries,45.3,64,4,2.4,3,3.25,2.8,Yes,43971,43017,42815,41822,0.951126879079393,-0.234771057854115,0.046499313785888,1.44622604497557,3.63296129252522,0.938741147922547,NA
VAN27,2.0837396867282,39,27,Recruitment,Atrophy,51,White British,Non-smoker,Menopausal,Sandrena/Utrogestan; estriol cream,21.8,59,15,3.8,4,1.63,2.2,Yes,6280,6148,6085,5719,0.910668789808917,0.259685048765603,-0.262988458383352,-15.5725324095335,-1.09427433575383,0.015639961698053,0-19%
VAN28,0.19813672546052,14.5502,28,Recruitment,Atrophy,46,White British,Non-smoker,Menopausal,4 pumps oestrogel/Mirena/IMVAGGIS,23,77,6,2.8,3,3.5,4.6,Yes,25179,24539,24475,24475,0.972040192223678,-0.261258781480801,0.00585207660080767,-1.25816087986815,4.32010561582634,0.966138539358723,NA
VAN29,0.00130215197194558,1.4061,29,Recruitment,Atrophy,47,Other white,Non-smoker,Menopausal,Kliofem; Prasterone,27.6,23,3,1,1.25,NA,2.6,Yes,13944,13769,13762,13762,0.986947791164659,-0.277337161786589,0.0127403355356348,-1.35119935911858,-1.36963759970876,0.999854534875264,NA
VAN3,0.109422549816449,15.8457,3,Recruitment,Atrophy,67,White British,Non-smoker,Menopausal,Ospemifene (by mouth),35.5,72,9,5,NA,NA,5,Yes,55105,53658,53608,53458,0.970111605117503,0.239826371111011,-0.420296947600173,-6.7422204962058,-6.61899123151058,0.000301807069830611,0-19%
VAN30,0.864272170342225,37.8382,30,Recruitment,Atrophy,46,Mixed White/Hispanic,Non-smoker,Menopausal,Estriol pessaries,44.8,70,5,2,NA,4.25,NA,Yes,17468,17064,17000,16951,0.970403022670025,-0.154936688682566,-0.00362208494901339,-0.95675409060631,2.40365523113996,0.850324976787372,NA
VAN34,2.43502149530371,29.4224,34,Recruitment,Atrophy,62,White British,Non-smoker,Menopausal,Vaginal estriol pessaries,24.7,43,13,1.4,1,NA,2.4,Yes,21966,21375,21305,21301,0.969725940089229,0.48362492852674,-0.199574206248768,-0.342369162281375,-9.94522165909998,0.000286204922724671,0-19%
VAN35,0.0229341515654249,6.6003,35,Recruitment,Atrophy,61,White British,Non-smoker,Menopausal,1 pump oestogel/Mirena (systemic) daily vaginal estradiol 10mcg,24.9,62,8,1.4,4.25,NA,4.4,Yes,37545,36433,36359,34683,0.923771474230923,-0.274112226326805,0.0130715943135718,-1.02169689377186,4.49623156796929,0.997309076018603,NA
VAN36,1.35183680537562,36.1215,36,Recruitment,Atrophy,65,White British,Non-smoker,Menopausal,Estriol 0.1% cream,29.2,37,14,3.6,2,NA,1.4,Yes,32787,31880,31766,30618,0.93384573153994,0.224133412387007,0.241072527307274,2.72291354238684,0.275885406790503,0.102418542156533,0-19%
VAN37,0.0251802147827607,6.3556,37,Recruitment,Atrophy,55,British Asian,Non-smoker,Menopausal,DHEA 6.5mg pv,20.4,67,7,1.2,2.5,NA,4.6,Yes,9122,9081,9065,9065,0.993751370313528,-0.27389590160964,0.0129291025055056,-0.382547981778799,3.00847585298938,0.996985597856425,NA
VAN39,0.0576850413559076,7.3585,39,Recruitment,Atrophy,49,White British,Non-smoker,Menopausal,Sandrean/Mirena/Testogel/Vagifem,27.1,29,2,1,1,1.88,1,Yes,7826,7777,7757,7757,0.991183235369282,-0.272937303381611,0.0112605429799306,2.05123019729886,2.91220350638487,0.992110708742887,NA
VAN4,1.57121834638003,16.8883,4,Recruitment,Atrophy,56,White British,Non-smoker,Menopausal,Prasterone (DHEA); HRT implants,46,63,9,3.2,NA,2,3.8,Yes,19987,19670,19658,19641,0.982688747685996,0.447891500048331,0.254987893556069,8.82166272070932,-3.50091770376399,0.0176815286624204,0-19%
VAN40,2.205232001853,29.0141,40,Recruitment,Atrophy,45,Mixed White/Black,Non-smoker,Menopausal,Vaginal oestradiol as per licence ,23.3,59,2,1.8,NA,3.88,2,Yes,21385,21231,21203,21203,0.991489361702128,0.0762859622948639,0.000236146153745193,8.76902999234784,2.11562158837836,0.321326277974659,20-39%
VAN41,1.65805157016315,26.5477,41,Control,Non-Atrophy,28,White British,Non-smoker,Pre-menopausal,NA,34.3,22,1,1,1,1,1,Not applicable,18510,13771,13713,13147,0.710264721772015,NA,NA,NA,NA,0.536255040706079,40-59%
VAN43,1.63872411362485,29.1886,43,Control,Non-Atrophy,40,White British,Non-smoker,Pre-menopausal,NA,21,65,1,2.8,3.75,NA,5,Not applicable,16793,12650,12608,11960,0.712201512534985,NA,NA,NA,NA,0.541834002677376,40-59%
VAN47,0.35372034765146,9.1588,47,Recruitment,Atrophy,47,White British,Non-smoker,Menopausal,Oestrogel 3 pumps daily/Tostran 2%/Prasterone 6.5 mg daily (Hysterectomy),29.4,70,3,1.4,2.25,NA,4.8,Yes,14306,14142,14126,14126,0.987417866629386,-0.249428956984353,-0.0123983448790086,0.148335963934909,4.47425085553825,0.917742164232024,NA
VAN48,0.626663577281787,14.3225,48,Recruitment,Atrophy,49,White British,Non-smoker,Menopausal,Oestrogel/Micronised progesterone (Rx for PMDD)/Prasterone,24,64,8,1.4,NA,NA,3.6,Yes,30075,29404,29340,29159,0.96954280964256,0.312712616546447,0.423213057146524,7.67908639480144,-0.534101784193641,0.0398869238459682,0-19%
VAN49,1.76022861295652,29.7807,49,Control,Non-Atrophy,24,White British,Smoker,Pre-menopausal,NA,27.2,60,1,2,2.25,4.5,1,Not applicable,22487,16635,16579,15695,0.697958820651932,NA,NA,NA,NA,0.479507935496208,40-59%
VAN5,1.29908115038902,14.4926,5,Recruitment,Atrophy,57,White British,Non-smoker,Menopausal,Vaginal DHEA (cont.),36,59,7,3,2.25,NA,4.2,Yes,13283,12991,12952,12952,0.975080930512685,-0.0274923769639758,-0.183867547295144,-0.985354194502753,-1.75315123250369,0.542919288433155,40-59%
VAN50,1.73977645841601,26.6236,50,Control,Non-Atrophy,23,White British,Non-smoker,Pre-menopausal,NA,NA,34,0,1,1.5,2,1.4,Not applicable,22111,16146,16017,15270,0.690606485459726,NA,NA,NA,NA,0.460696973666972,40-59%
VAN51,0.260728039487296,9.998,51,Recruitment,Atrophy,48,White British,Non-smoker,Menopausal,Oestrogel 2 pumps with micronised progesterone. Eestriol cream delivery vaginally (cont.) and to vulva introduced.,30.9,44,7,1.8,1.75,2,2.4,Yes,26155,25523,25449,25269,0.966125023896005,-0.235526817236811,-0.0220372988379847,-2.53916134311314,2.80981357024429,0.945783611774065,NA
VAN52,0.183204234190242,13.3163,52,Control,Non-Atrophy,23,White British,Non-smoker,Pre-menopausal,NA,26.8,26,0,1,1.5,1.25,1,Not applicable,33045,32138,32009,31985,0.967922529883492,NA,NA,NA,NA,0.971604279752753,NA
VAN53,0.44228047312586,18.9625,53,Recruitment,Atrophy,46,White British,Non-smoker,Menopausal,Sandrena 1 mg ( Mirena)/vaginal estriol (Vagifem),22.4,22,6,1,1,1,1,Yes,11728,11429,11271,11264,0.96043656207367,-0.199328513469148,-0.0334072256257069,-2.88748999918631,1.11444094101313,0.908278238197225,NA
VAN54,0.272352855776145,23.5692,54,Control,Non-Atrophy,29,White British,Non-smoker,Pre-menopausal,NA,25.1,24,0,1.6,NA,1,1,Not applicable,36672,35675,35590,35586,0.97038612565445,NA,NA,NA,NA,0.961086962949821,NA
VAN55,0.19855695449935,18.028,55,Control,Non-Atrophy,45,White British,Non-smoker,Pre-menopausal,NA,28.2,23,2,1,NA,1.25,1,Not applicable,34001,32955,32854,32854,0.966265698067704,NA,NA,NA,NA,0.96985712090951,NA
VAN56,0.135168093259787,13.7571,56,Recruitment,Atrophy,47,White British,Non-smoker,Menopausal,Mirena/2 pumps Oestrogel/CO2 laser/estriol 0.1% cream,23.5,63,1,2.8,4.5,NA,5,Yes,44820,43713,43631,43631,0.97347166443552,-0.255465638619473,0.0118133657620203,-0.195525522585207,3.84828231757722,0.980724056929667,NA
VAN57,0.589044779575324,18.7105,57,Control,Non-Atrophy,27,African,Non-smoker,Pre-menopausal,NA,23,22,1,1,1,1,1,Not applicable,5371,5292,5231,5107,0.950847142059207,NA,NA,NA,NA,0.0694750771945302,0-19%
VAN58,0.459897162701364,8.7801,58,Control,Non-Atrophy,48,White British,Non-smoker,Menopausal,NA,24.8,21,1,1,NA,1,1,Not applicable,69591,68051,67962,67680,0.972539552528344,NA,NA,NA,NA,0.89322974472808,NA
VAN59,0.709462433877237,12.5906,59,Recruitment,Atrophy,58,White British,Non-smoker,Menopausal,Ospemifene 60 mg daily,30.9,68,5,4.4,NA,NA,NA,Yes,20211,19815,19743,19734,0.976398990648657,-0.119355629292299,-0.112169826948981,-4.38661552746231,-0.293660409559138,0.670967404931049,60-79%
VAN60,0.896137510698344,5.7414,60,Control,Non-Atrophy,60,Mixed White/Chinese,Non-smoker,Menopausal,NA,20.2,47,0,1,1,NA,4,Not applicable,109734,107746,107648,105320,0.959775457014234,NA,NA,NA,NA,0.362148444554277,20-39%
VAN8,0.841762562741004,23.4555,8,Recruitment,Atrophy,73,White British,Non-smoker,Menopausal,Vaginal DHEA,23.1,45,14,3.2,2.25,NA,1.8,Yes,17041,16343,15797,15736,0.92341998708996,0.297147450538167,-0.50446920331888,-11.6451470317828,-3.0268097235392,0.00224258970358814,0-19%
VAN9,0.70798887435474,20.3995,9,Recruitment,Atrophy,57,White British,Non-smoker,Menopausal,Estriol 0.03mg pessaries; DHEA (cont.),23,75,11,1.2,2.75,4.38,4.6,Yes,85022,84414,84296,83241,0.97905248053445,0.426097420466347,-0.0195694696805354,4.08201617081591,-6.2704096015675,0.00531221326121601,0-19%
VANB1,0.0399015201752676,8.0147,1,Follow up,Atrophy,54,White British,Non-smoker,Menopausal,E2 gel & Mirena with vaginal estrogen (cont.),28.7,32,4,1,1,1.5,2.2,Yes,59558,58435,58369,58364,0.97995231539004,-0.267144972315807,0.036992532735003,-1.83898771617485,3.52085892067955,0.995037007779362,NA
VANB10,2.77092715336527,53.4818,10,Follow up,Atrophy,56,White British,Non-smoker,Menopausal,Prasterone (DHEA),24.2,29,6,1,1,1.75,1.2,Yes,6212,6060,5963,5909,0.951223438506117,0.0643674105705386,0.133100484584135,4.39653024890543,0.195023281652532,0.237174427782163,20-39%
VANB11,0.352334546171288,6.5165,11,Follow up,Atrophy,49,White British,Non-smoker,Menopausal,Lezetto (seystemic estrogen spray and vaginal DHEA) - (cont.),20.3,68,4,1,2.75,3.38,5,Yes,114625,112007,111898,110332,0.962547437295529,0.339662842823991,0.0999721961074843,5.89649056868887,0.643760880829103,0.0809971675502941,0-19%
VANB12,0.753948064927864,9.0851,12,Follow up,Atrophy,54,White British,Non-smoker,Menopausal,Systemic HRT; vaginal estrogen,20,72,1,2.2,3.75,NA,5,Yes,67072,65568,65485,64911,0.967780892175573,0.563317937691512,0.296548689258807,8.7219346952754,-4.00435316860701,0.000464590463506419,0-19%
VANB13,1.09991337880175,10.7753,13,Follow up,Atrophy,67,White British,Non-smoker,Menopausal,Estriol 0.01% cream (cont.),29.7,37,8,2.4,NA,NA,3.6,Yes,23294,22726,22697,22649,0.972310466214476,-0.0208420204968691,-0.289668306069267,-3.45196467719761,-3.84638591521126,0.5003663003663,40-59%
VANB15,0.505452849425137,25.1681,15,Follow up,Atrophy,45,White British,Non-smoker,Menopausal,0.1% cream (Mirena),41.9,63,0,2.4,3.25,2.75,3.2,Yes,20392,19763,19685,19669,0.964544919576304,-0.242494795422315,0.000238720690126717,-1.58405482438717,0.850754468947943,0.916622184263905,NA
VANB17,0.425684834845308,11.4889,17,Follow up,Atrophy,63,White British,Non-smoker,Menopausal,4 pumps oestogel/micronised progesterone/prasterone - cont,23.5,55,10,NA,3,1.38,5,Yes,21061,20658,20625,20606,0.978396087555197,0.421251795387562,0.359699495479937,8.85921145661274,1.58173320369038,0.0692721055202736,0-19%
VANB2,0.159455430060436,17.8758,2,Follow up,Atrophy,50,White British,Non-smoker,Menopausal,HRT implants E2/T with Mirena (cont.); Vaginal DHEA,31,75,7,2.4,4.5,NA,5,Yes,29156,28565,28485,28485,0.976985869117849,-0.261598874296257,0.0325947824390887,-1.4763487111103,3.15281380112194,0.976930153563088,NA
VANB20,0.0291852814036686,5.5949,20,Follow up,Atrophy,50,White British,Non-smoker,Menopausal,Tibolone (CO2 laser received prior to recruitment),22.5,35,0,1.6,1.75,1.5,1.6,Yes,42342,41165,41098,41081,0.970218695385197,-0.267692399467623,0.036597382403971,-3.46182225701727,3.1621205671246,0.996293315775355,NA
VANB21,0.788275571212986,18.6623,21,Follow up,Atrophy,57,White British,Non-smoker,Menopausal,Oestrogel 2 pumps with micronised progesterone. Eestriol cream delivery vaginally (cont.) and to vulva introduced.,20.6,53,0,2.2,2.25,1.63,4,Yes,17350,16966,16900,16877,0.972737752161383,-0.236439995683226,0.0392816978359032,0.929465218370717,3.99498145684655,0.639325504366155,60-79%
VANB22,0.225934420160829,24.1236,22,Follow up,Atrophy,74,White British,Non-smoker,Menopausal,Ospemifene. Estriol 0.1% cream (cont.),24.5,18,13,1.2,1,NA,1,Yes,16344,15988,15960,15953,0.976076847772883,-0.260333998449838,0.0375505543317956,-1.14619874290518,4.55178225165186,0.968582761443052,NA
VANB25,0.390161027969997,5.8956,25,Follow up,Atrophy,78,White British,Non-smoker,Menopausal,IMVAGGIS estriol pessaries,24.4,37,9,1,1,NA,2,Yes,29306,28640,28598,28551,0.974237357537706,0.40516514991085,0.358609198336756,5.22055901980147,0.997584963453535,0.117189416506045,0-19%
VANB26,0.263849935633148,17.2748,26,Follow up,Atrophy,55,White British,Non-smoker,Menopausal,Vaginal oestradiol pessaries,45.3,55,0,1.4,NA,3.5,2.4,Yes,10020,9772,9720,9720,0.970059880239521,-0.259667063313113,0.0394353687548249,-0.530368945811591,5.02520585791089,0.955083491862186,NA
VANB27,0.0154833866858038,4.3082,27,Follow up,Atrophy,51,White British,Non-smoker,Menopausal,Sandrena/Utrogestan; estriol cream,21.8,62,11,2.4,4.5,1.5,4,Yes,24261,23744,23722,23722,0.97778327356663,0.366929883191774,-0.234079541684385,-5.89164242255441,-9.6806280675094,0.000674536256323777,0-19%
VANB28,0.0984002512074128,12.2635,28,Follow up,Atrophy,46,White British,Non-smoker,Menopausal,4 pumps oestrogel/Mirena/IMVAGGIS,23,72,0,1.6,2.25,3.88,4.8,Yes,14714,14449,14406,14406,0.9790675547098,-0.265928588678661,0.0348154936163697,-1.80061210275997,4.4661251041465,0.98580121703854,NA
VANB29,0.00692934649210909,2.6626,29,Follow up,Atrophy,47,Other white,Non-smoker,Menopausal,Kliofem; Prasterone,27.6,23,4,1.4,1.25,NA,1.8,Yes,21606,21059,21042,21042,0.973896139961122,-0.268399439836304,0.0363219600707167,-5.4531994632132,2.93069372701315,0.999191861570641,NA
VANB3,0.242632130091077,16.8712,3,Follow up,Atrophy,67,White British,Non-smoker,Menopausal,Ospemifene (by mouth),35.5,59,6,1.4,5,1.5,5.2,Yes,133315,130597,130416,130056,0.97555413869407,0.365203002766053,-0.511310915029929,-4.00442837256884,-6.89175564074316,0.00271505813009073,0-19%
VANB30,0.601538256744862,35.0749,30,Follow up,Atrophy,46,Mixed White/Hispanic,Non-smoker,Menopausal,Estriol pessaries,44.8,76,7,1.6,3,3.88,5,Yes,16008,15652,15625,15581,0.973325837081459,-0.240693236950513,0.00375376332891065,-1.40867281143776,2.68264730082548,0.90390080082666,NA
VANB34,2.02634889168404,20.1543,34,Follow up,Atrophy,62,White British,Non-smoker,Menopausal,Vaginal estriol pessaries (IMVAGGIS),24.7,45,9,1.2,1.25,NA,4.4,Yes,95551,93583,93395,91519,0.957802639428159,0.422901275412261,-0.449281429253532,-1.84363327310224,-7.72774939155308,0.000274026657313223,0-19%
VANB35,0.0177842198087275,3.9139,35,Follow up,Atrophy,61,White British,Non-smoker,Menopausal,1 pump oestogel/Mirena (systemic) daily vaginal estradiol 10mcg,24.9,54,5,1.6,3,NA,5,Yes,22173,21931,21915,21915,0.988364226762278,-0.26790313727248,0.0368631644609523,-3.30270529836585,4.47462676658219,0.997762965668371,NA
VANB36,1.74129578226751,34.9902,36,Follow up,Atrophy,65,White British,Non-smoker,Menopausal,Estriol 0.1% cream,29.2,23,8,2.2,1.5,NA,NA,Yes,26493,25959,25875,23841,0.899898086286944,0.495987208390886,0.222102364744725,8.34274978375693,-2.9455649039926,0.0300866258187196,0-19%
VANB37,0.0607950454809587,11.0398,37,Follow up,Atrophy,55,British Asian,Non-smoker,Menopausal,DHEA 6.5mg pv,20.4,55,4,1.2,2,2.88,3.6,Yes,48752,47788,47720,47711,0.978647029865441,-0.26578620454333,0.0366298719088817,-0.913396701341712,3.2928974378894,0.992180438484014,NA
VANB39,0.343347848026614,24.8357,39,Follow up,Atrophy,49,White British,Non-smoker,Menopausal,Sandrean/Mirena/Testogel/Vagifem,27.1,21,1,1,1,1,2,Yes,43141,42172,42034,41964,0.972717368628451,-0.251345180887514,0.0336811515633538,0.118995718623767,2.68815885595577,0.944988244326088,NA
VANB4,0.187044615496041,20.5904,4,Follow up,Atrophy,56,White British,Non-smoker,Menopausal,Prasterone (DHEA); HRT implants,46,64,0,3.2,3.5,2,3.6,Yes,55062,53911,53835,53576,0.973012240746794,-0.257274142249773,0.0293920710767935,-1.93120481160132,1.75580927331486,0.973428121904318,NA
VANB40,0.0475610261787507,8.1546,40,Follow up,Atrophy,45,Mixed White/Black,Non-smoker,Menopausal,Vaginal oestradiol as per licence ,23.3,22,0,1,1,1,1,Yes,65466,64076,63995,63966,0.9770873430483,-0.266804780987431,0.0372913196733342,-1.51647000311522,3.13460563490085,0.993904067620858,NA
VANB47,0.113050198391212,6.2022,47,Follow up,Atrophy,47,White British,Non-smoker,Menopausal,Oestrogel 3 pumps daily/Tostran 2%/Prasterone 6.5 mg daily (Hysterectomy),29.4,38,2,1,1,NA,4.4,Yes,13049,12627,12600,12600,0.965591233044678,-0.266716961074441,0.0331442251761079,-1.29910586876915,0.623885927535488,0.981378322457425,NA
VANB48,0.554796741666662,16.5219,48,Follow up,Atrophy,49,White British,Non-smoker,Menopausal,Oestrogel/Micronised progesterone (Rx for PMDD)/Prasterone,24,52,0,1.2,2.5,NA,3.8,Yes,11426,11047,11025,10995,0.962279012777875,0.563290078199216,0.335644253827708,8.1182423261532,-1.94432844333865,0.00200674997719602,0-19%
VANB5,0.648009895138091,9.3276,5,Follow up,Atrophy,57,White British,Non-smoker,Menopausal,Vaginal DHEA (cont.),36,38,3,1.2,1.75,NA,3.2,Yes,19339,18963,18940,18928,0.978747608459589,-0.198127869255236,-0.114368015328835,-2.16201264315396,-1.84523137213981,0.840014867519779,NA
VANB51,0.0216181361861789,2.7051,51,Follow up,Atrophy,48,White British,Non-smoker,Menopausal,Oestrogel 2 pumps with micronised progesterone. Eestriol cream delivery vaginally (cont.) and to vulva introduced.,30.9,41,0,1.4,1.25,1.88,2.8,Yes,7645,7336,7310,7310,0.956180510137345,-0.267654968500305,0.0364647404429168,-1.1816257890158,0.039265173820061,0.996917204932472,NA
VANB53,0.156745007071155,20.868,53,Follow up,Atrophy,46,White British,Non-smoker,Menopausal,Sandrena 1 mg ( Mirena)/vaginal estriol (Vagifem),22.4,22,2,1,1,1,1,Yes,42597,42053,41941,41626,0.977204967485973,-0.261502655286471,0.0356893221485317,-1.0820371048539,3.29597699640235,0.978921372979445,NA
VANB56,0.173170131670287,14.0833,56,Follow up,Atrophy,47,White British,Non-smoker,Menopausal,Mirena/2 pumps Oestrogel/CO2 laser/estriol 0.1% cream,23.5,49,1,1.8,NA,NA,4.8,Yes,55810,54973,54832,54740,0.980827808636445,0.357597600981775,-0.524324072636219,-4.80713733407611,-7.28509739439002,0.000702545804137625,0-19%
VANB59,0.440145560718947,5.6316,59,Follow up,Atrophy,58,White British,Non-smoker,Menopausal,Ospemifene 60 mg daily,30.9,56,3,2,NA,NA,5.2,Yes,34750,33815,33744,33722,0.97041726618705,-0.207588069177009,-0.106346770084342,-4.10757921861778,-1.8514848517049,0.850219733911264,NA
VANB8,0.714582123024275,30.7774,8,Follow up,Atrophy,73,White British,Non-smoker,Menopausal,Vaginal DHEA,23.1,58,9,2.4,2,NA,1.4,Yes,5470,5345,5229,5229,0.955941499085923,0.364218837079357,-0.21260256792715,-0.788700856427795,-4.98464004383273,0.000911369332421964,0-19%
VANB9,0.574756500105692,19.0023,9,Follow up,Atrophy,57,White British,Non-smoker,Menopausal,Estriol 0.03mg pessaries; DHEA (cont.),23,60,5,1.4,2.75,2.88,3.8,Yes,70788,69200,68920,68679,0.970206814714358,0.372046331738739,0.0595668130165242,6.37973091339048,-4.05409265927237,0.042933402278223,0-19%
