feature	Lactobacillus	Atopobium	Bifidobacterium	Gardnerella	Streptococcus	Prevotella	Anaeroglobus	Pseudomonas	HT002	Veillonellaceae_unclassified	Escherichia-Shigella	Dialister	Actinomyces	Finegoldia	Corynebacterium	Actinomycetaceae_unclassified	Lacticaseibacillus	Peptostreptococcus	Fenollaria	Anaerococcus	Prevotellaceae_unclassified	Peptoniphilus	Howardella	Limosilactobacillus	Prevotella_7	Veillonella	Actinobaculum	Aerococcus	Staphylococcus	Mobiluncus	Alloscardovia	Corynebacteriaceae_unclassified	Caulobacter	Propionimicrobium	Campylobacter	DNF00809	Arcanobacterium	Ureaplasma	Porphyromonas	Actinotignum	Solobacterium	Parvimonas	Varibaculum	Microbacteriaceae_unclassified	Coriobacteriaceae UCG-002	Alkalibacterium	Enterococcus	Paracoccus	Stenotrophomonas	Faecalibacterium	Negativicoccus	Propionibacteriaceae_unclassified	Uruburuella	Pseudonocardiaceae_unclassified	Family XI_unclassified	Ezakiella	Murdochiella	Fusobacterium	Atopobiaceae_unclassified	Clostridium sensu stricto 1	Eggerthellaceae_unclassified	Cutibacterium	Sutterella	Brucella	Vibrio	Brevibacterium	Facklamia	Alcaligenes	Fastidiosipila	Enhydrobacter	Pseudoalteromonas	Virgibacillus	S5-A14a	Achromobacter	Haemophilus	Lactobacillaceae_unclassified	Idiomarina	Catenococcus	Halomonas
VAN1	-0.0415440894782707	-10.9305155948505	-13.2524436897379	NA	NA	NA	NA	-11.6674811890167	NA	NA	-8.79301207110059	-11.9305155948505	NA	-10.2524436897379	-6.84305275360019	NA	NA	-12.2524436897379	NA	-10.0045161762943	NA	-10.9305155948505	NA	-7.53819817207177	NA	NA	NA	NA	-12.2524436897379	NA	-11.0825186882956	-9.16498084848755	-11.2524436897379	NA	NA	NA	NA	NA	-12.2524436897379	NA	NA	NA	-11.6674811890167	NA	NA	-9.86012626695913	-9.79301207110059	-11.9305155948505	NA	NA	NA	-11.2524436897379	-10.6674811890167	NA	NA	NA	-12.6674811890167	NA	NA	NA	NA	NA	NA	NA	-11.0825186882956	-11.9305155948505	NA	NA	NA	NA	NA	-11.9305155948505	NA	NA	NA	NA	NA	NA	-11.2524436897379
VAN10	-0.27401860063432	-3.68120571651985	-12.3361996894836	-3.69162233246519	-9.82523777020618	-9.1189689732629	NA	NA	NA	-11.6581277843709	NA	-10.8507728623133	NA	-11.0731652836498	-10.3361996894836	-9.15033314417223	-11.3361996894836	NA	NA	-11.7512371887624	-8.30939963013985	-11.1986961657336	-12.1986961657336	NA	-8.64690052894767	NA	NA	NA	NA	-10.6581277843709	-10.1345658283139	-12.4882027829286	-12.3361996894836	NA	-12.8507728623133	NA	NA	NA	-12.6581277843709	-11.0142715945962	NA	NA	NA	-12.6581277843709	-11.7512371887624	-13.3361996894836	-14.0731652836498	-13.3361996894836	-13.0731652836498	NA	NA	NA	NA	NA	-12.0731652836498	NA	-14.6581277843709	NA	NA	NA	NA	NA	NA	NA	NA	NA	NA	NA	NA	NA	NA	NA	NA	NA	NA	NA	NA	NA	NA
VAN11	-12.206658281279	-0.370147621046613	NA	NA	-6.99072088207985	-5.07052159329297	NA	NA	NA	-5.99395925614639	NA	-5.82295398880495	NA	-13.206658281279	NA	-6.44732487408434	NA	NA	NA	-13.7916207820002	-4.28382614180146	-7.5821674163712	-9.70415794074981	NA	-3.811481204361	-11.4696926871128	NA	NA	NA	NA	-6.43406877738207	NA	NA	NA	NA	NA	NA	NA	NA	-8.98426585994255	NA	NA	-12.7916207820002	NA	-11.0911810638591	NA	NA	NA	NA	NA	NA	NA	NA	NA	NA	NA	NA	NA	NA	NA	NA	NA	NA	NA	NA	NA	NA	NA	NA	NA	NA	NA	NA	NA	NA	NA	NA	NA	NA
VAN12	-11.9870101728811	-3.2836009270208	-12.4724370000513	-1.80568040816653	-9.06644464037549	-1.44605188583513	NA	NA	NA	-6.34315398310636	NA	-4.1907387499525	NA	-8.81708517143877	-11.7943650949387	-7.94887504399432	NA	NA	NA	NA	-3.02411416754383	-7.70690225368835	NA	NA	NA	NA	NA	-4.74043921340759	NA	NA	NA	NA	NA	NA	NA	NA	NA	-12.7943650949387	NA	-13.7943650949387	NA	NA	NA	NA	NA	NA	NA	NA	NA	NA	NA	NA	NA	NA	NA	NA	NA	NA	NA	NA	NA	NA	NA	NA	NA	NA	NA	NA	-9.47243700005133	NA	NA	NA	NA	NA	NA	NA	NA	NA	NA
VAN13	-0.744238829078384	-10.6515301176601	-1.6581199270205	NA	-5.94739591596131	NA	NA	-11.7510657912111	NA	NA	NA	NA	NA	-11.9734582125475	-8.08268728230227	NA	-4.02606478797982	NA	NA	NA	NA	NA	NA	NA	-11.5584207132687	NA	NA	NA	-9.97345821254751	NA	NA	-10.6515301176601	-10.3104931998251	NA	NA	NA	NA	NA	NA	NA	NA	NA	NA	-11.3884957118264	NA	-11.7510657912111	-12.5584207132687	NA	-12.5584207132687	NA	NA	NA	NA	NA	NA	NA	NA	NA	NA	NA	NA	NA	NA	NA	NA	NA	NA	NA	NA	NA	NA	NA	NA	NA	NA	NA	NA	NA	NA
VAN15	-0.0908024467032912	-13.0465613149991	-7.84492745382948	NA	NA	-5.42085247193466	-11.9090577912492	NA	NA	-11.7835269091653	NA	-9.06470866170939	-10.7246332201118	-8.58712969636183	-10.324095290528	-10.1205618964429	NA	-9.99344997853956	NA	-7.90905779124919	-10.1786648510065	-8.78352690916533	-10.8766363135568	-7.49197246332149	NA	NA	NA	NA	-12.1205618964429	-9.56113448782889	NA	-12.9090577912492	NA	-11.8449274538295	-13.3684894098865	NA	NA	NA	-10.9422246551844	NA	-13.7835269091653	NA	-8.00216719564067	NA	NA	NA	NA	NA	NA	-13.5611344878289	NA	NA	NA	-12.461598814278	-10.3024002194287	NA	NA	-12.9090577912492	-8.73913278980688	NA	-12.9090577912492	NA	-10.9761719871077	NA	NA	NA	NA	NA	NA	NA	NA	NA	-10.1590360442575	NA	NA	NA	NA	NA	NA
VAN17	-0.273866985336341	NA	NA	-2.59137574868875	NA	NA	NA	NA	-7.22504375050784	NA	NA	NA	NA	NA	-11.9799312526713	NA	NA	NA	NA	NA	NA	NA	NA	NA	NA	NA	NA	NA	-14.5648937533925	NA	NA	NA	NA	NA	NA	NA	NA	NA	NA	NA	NA	NA	NA	NA	NA	NA	NA	NA	NA	NA	NA	NA	NA	NA	NA	NA	NA	NA	NA	NA	NA	NA	NA	NA	NA	NA	NA	NA	NA	NA	NA	NA	NA	NA	NA	NA	NA	NA	NA
VAN2	-0.076746681740161	-5.93523522130248	-10.9649825646965	-9.0474447248885	-11.5499450654177	-9.54994506541769	-13.1349075661388	-10.8129794712515	NA	-11.8129794712515	NA	-10.5499450654177	-12.5499450654177	NA	-5.58801310625121	-11.3275526440812	NA	NA	NA	-11.3275526440812	-10.3275526440812	-11.8129794712515	NA	-11.8129794712515	-11.3275526440812	NA	NA	NA	NA	NA	-11.8129794712515	-9.81297947125148	-12.5499450654177	NA	-11.3275526440812	NA	-12.5499450654177	NA	NA	-10.0474447248885	NA	-11.1349075661388	NA	-9.81297947125148	NA	-12.5499450654177	NA	NA	NA	NA	NA	-11.1349075661388	NA	NA	NA	-11.5499450654177	NA	NA	NA	NA	NA	NA	NA	-12.1349075661388	-12.1349075661388	NA	NA	NA	-12.5499450654177	NA	NA	NA	NA	NA	NA	-12.5499450654177	NA	NA	NA
VAN20	-0.0524507948655755	NA	NA	NA	NA	NA	NA	NA	-4.82043147858904	NA	NA	NA	NA	NA	-12.6501542136751	NA	NA	NA	NA	NA	NA	NA	NA	NA	NA	NA	NA	NA	NA	NA	-12.6501542136751	NA	NA	NA	NA	NA	NA	NA	NA	NA	NA	NA	NA	NA	NA	NA	NA	NA	NA	NA	NA	NA	NA	NA	NA	NA	NA	NA	NA	NA	NA	NA	NA	NA	NA	NA	NA	NA	NA	NA	NA	NA	NA	NA	NA	NA	NA	NA	NA
VAN21	-0.126595156354799	-10.4444188529094	-11.4013501310175	-10.7883732541268	-12.3188879708256	-12.0293813536306	NA	-9.42272378181011	-3.697243060141	-13.1668848773805	-12.1668848773805	NA	-13.9038504715467	NA	-9.29898841338786	NA	NA	-12.6814580502103	NA	NA	NA	NA	NA	NA	-13.9038504715467	NA	NA	NA	NA	NA	NA	-12.1668848773805	-12.3188879708256	NA	NA	NA	NA	NA	NA	-14.4888129722679	NA	NA	NA	NA	NA	NA	NA	-13.9038504715467	-14.4888129722679	NA	NA	NA	-12.9038504715467	NA	NA	NA	NA	NA	NA	NA	NA	NA	NA	NA	NA	NA	NA	NA	NA	NA	NA	NA	NA	-13.9038504715467	NA	-11.2408854588243	NA	NA	NA
VAN22	-9.65367588393923	-8.98084062719274	-11.5922753392751	-12.7622003407174	-3.76396251882935	-4.46643140629689	NA	-0.93227944684511	NA	-8.56252799588104	-3.4425282197704	-6.03768648759745	-6.16601058457299	-6.3027687220801	-3.72499659956542	-8.69611115025963	NA	-5.06002765535185	-5.51427282727381	-5.93247760563134	-6.91671028977302	-5.86738257740946	-9.80800403033052	NA	NA	-8.66416825775687	-9.16228749853027	-12.44027224583	-12.5922753392751	-5.67341210200049	NA	NA	-13.44027224583	-8.31098922888507	-7.00731283855393	NA	-12.3027687220801	NA	-8.0897749987459	-9.06176062257631	-14.1772378399962	NA	NA	NA	NA	NA	-12.5922753392751	NA	NA	-10.4767981218552	NA	NA	NA	NA	-9.63291732377243	-13.7622003407174	-11.6747374994671	-11.7622003407174	NA	NA	NA	NA	NA	NA	NA	NA	-11.0617606225763	NA	NA	NA	NA	NA	NA	NA	NA	NA	NA	NA	NA
VAN25	-3.89103852428637	NA	-11.2970308839622	-0.171143911797812	-12.6189589788496	-8.14863904406954	NA	-11.7444898609334	-13.2039214795707	-7.6040086373836	NA	-12.0339964781284	-11.0339964781284	-12.8819933846834	-7.29703088396221	-13.6189589788496	NA	NA	NA	-7.19269422414747	NA	-8.4896759619046	NA	NA	NA	NA	NA	-11.5034817614296	-10.5034817614296	-11.7444898609334	NA	-10.3965665575131	-12.3965665575131	-9.07463846262576	-10.3459404844432	NA	NA	NA	-7.82021718709667	-8.71206838324105	NA	NA	NA	NA	NA	-11.2970308839622	-11.6189589788496	-13.6189589788496	-11.7444898609334	NA	-10.2970308839622	NA	-12.0339964781284	NA	-11.1164586383204	-8.560065289796	NA	-12.2039214795707	NA	NA	NA	NA	NA	NA	-11.8819933846834	NA	-11.5034817614296	NA	NA	NA	-12.2039214795707	NA	NA	NA	NA	NA	NA	NA	NA
VAN26	-0.0912006964239204	-10.5466801398931	-9.3242877185566	-4.94291644116363	-12.9796395471692	NA	NA	-12.1316426406142	-5.63091139293808	NA	-13.7166051413354	-12.3015676420565	-12.9796395471692	-10.6011279239154	-8.99778689387942	NA	NA	-14.3015676420565	-13.3015676420565	-10.3015676420565	NA	NA	NA	NA	NA	NA	NA	NA	NA	NA	NA	-10.2141048008062	-12.7166051413354	NA	-13.7166051413354	NA	NA	NA	NA	NA	NA	NA	NA	NA	NA	-12.4942127199989	NA	NA	-11.9796395471692	NA	NA	NA	-13.7166051413354	-11.1316426406142	NA	-14.3015676420565	NA	NA	NA	NA	NA	NA	NA	NA	NA	NA	NA	NA	NA	NA	NA	NA	NA	NA	NA	NA	NA	NA	NA
VAN27	-5.99861921025585	NA	NA	NA	-1.36421560165733	-7.91288933622996	NA	-5.52586621312071	-10.6133290543711	-10.0283665536499	NA	-9.29140095948369	NA	-5.52586621312071	-1.77727869931298	-9.29140095948369	NA	NA	NA	-4.81891318802095	NA	-6.4038756887421	NA	NA	NA	-10.0283665536499	NA	NA	-7.29140095948369	NA	-8.80597413231345	-4.5799060528336	-6.22101163159229	NA	NA	NA	NA	NA	-9.29140095948369	NA	NA	NA	NA	-8.80597413231345	NA	-5.70643845876253	-6.22101163159229	-7.29140095948369	-7.22101163159229	NA	NA	-5.63604913087114	-6.18706429966896	NA	NA	-6.70643845876253	NA	NA	NA	NA	-10.6133290543711	-7.36540154092747	NA	-7.91288933622996	-6.5689349350126	-7.22101163159229	NA	-10.6133290543711	NA	-8.29140095948369	-8.15389743573376	-8.61332905437105	NA	-9.61332905437105	NA	NA	-9.29140095948369	-8.29140095948369	-8.44340405292874
VAN28	-0.0496980158522587	NA	NA	NA	-13.5459900811626	-10.1536726583838	NA	-11.738635159105	-5.65117231785466	NA	NA	-11.0865584625253	NA	-12.2240619862752	-7.38611874438421	NA	NA	NA	NA	-11.2240619862752	NA	-10.8455503630215	NA	NA	NA	NA	NA	NA	-10.9610275804414	NA	NA	-9.15367265838384	-10.6390994855541	NA	-12.5459900811626	NA	NA	NA	NA	NA	NA	NA	NA	NA	NA	-12.2240619862752	-13.5459900811626	-13.5459900811626	NA	NA	NA	-12.9610275804414	-11.738635159105	NA	-11.9610275804414	-13.5459900811626	NA	NA	NA	-10.0865584625253	NA	NA	NA	NA	NA	NA	NA	NA	NA	NA	NA	NA	NA	NA	NA	NA	NA	NA	NA
VAN29	-0.000209877079347293	NA	NA	NA	NA	NA	NA	NA	NA	NA	NA	NA	NA	NA	NA	NA	NA	NA	NA	NA	NA	NA	NA	NA	NA	NA	NA	NA	NA	NA	NA	NA	NA	NA	NA	NA	NA	NA	NA	NA	NA	NA	NA	NA	NA	NA	NA	NA	NA	NA	NA	NA	NA	NA	NA	NA	NA	NA	NA	NA	NA	NA	NA	NA	-12.7470390710955	NA	NA	NA	NA	NA	NA	NA	NA	NA	NA	NA	NA	NA	NA
VAN3	-11.6940857781577	-10.7871951825492	-0.0214394520330629	NA	-7.65516678886539	-11.8867308561001	NA	-14.6940857781577	NA	-9.40868355929544	NA	NA	NA	-10.8867308561001	-9.52416077671538	NA	NA	NA	NA	-9.39030502998059	NA	-11.9936460600166	-11.1705238221007	NA	-13.6940857781577	-12.5241607767154	NA	NA	NA	NA	-10.6066229369073	NA	-12.6940857781577	-11.2346541595204	NA	NA	NA	NA	-13.1091232774365	-12.1091232774365	NA	NA	-13.1091232774365	NA	NA	-13.6940857781577	-11.7871951825492	NA	NA	NA	NA	NA	-13.3721576832703	NA	NA	-11.6940857781577	NA	NA	NA	NA	NA	-14.1091232774365	NA	NA	-12.5241607767154	-13.1091232774365	NA	NA	NA	-13.3721576832703	NA	NA	NA	NA	NA	NA	NA	NA	NA
VAN30	-0.233913779758023	-7.17233820809512	-8.93529901079427	-8.89223028890239	-7.55342837545063	-6.47189848995403	-11.3947306294316	-11.9796931301527	NA	-9.65776503526536	NA	-6.76052460969056	-11.6577650352654	-7.06082989287813	-8.45613117409571	-9.22480562798926	NA	-12.9796931301527	-9.45613117409571	-5.02549681976585	NA	-6.63096497592165	-10.1723382080951	NA	NA	NA	-7.27925341201163	-9.335836940378	NA	-8.52026151151543	-12.3947306294316	-10.1723382080951	-8.65776503526536	-8.22480562798926	-7.14680311598798	NA	-11.6577650352654	NA	-9.22480562798926	-6.38723609288465	NA	NA	-10.8097681287104	-9.89223028890239	NA	-10.9796931301527	NA	NA	-11.3947306294316	NA	-12.3947306294316	NA	NA	NA	-7.55342837545063	-7.40983752182178	-12.3947306294316	-10.5202615115154	NA	NA	NA	NA	NA	-11.1723382080951	NA	-12.3947306294316	-11.3947306294316	-12.9796931301527	-9.97969313015273	NA	NA	NA	NA	NA	NA	NA	NA	NA	NA
VAN34	-11.7706638929168	-3.6752668701242	-2.7063702161206	NA	-3.12921420084913	-3.85378920873562	-3.81646758252988	NA	NA	-4.97841586324936	NA	-2.70143792057837	-3.11901419342216	NA	-8.77066389291676	-13.3556263936379	NA	-6.03369829875055	NA	NA	NA	-7.57426668011326	-7.81646758252988	NA	NA	-2.9849389868307	NA	NA	NA	-11.0336982987506	NA	-11.1857013921956	-10.5482714715803	NA	NA	-7.06100564474629	-7.74091654952271	NA	-7.80103754196028	-7.40143008325104	NA	-5.63794997057152	NA	-10.7706638929168	NA	-11.7706638929168	-11.7706638929168	NA	-13.3556263936379	NA	NA	NA	-11.7706638929168	NA	-9.10769888019433	NA	NA	-6.74091654952271	NA	NA	-9.07022417477567	-12.7706638929168	NA	NA	-12.0336982987506	-12.7706638929168	NA	NA	NA	-13.3556263936379	-12.3556263936379	NA	NA	NA	NA	NA	NA	NA	NA
VAN35	-0.00388741540195275	-11.6018129866627	-12.0612446053	-12.2538896832424	NA	NA	NA	NA	NA	-13.0612446053	NA	NA	NA	NA	-10.6689271825212	NA	NA	NA	NA	NA	NA	-12.4762821045788	NA	-12.0612446053	NA	NA	NA	NA	NA	NA	NA	-11.8913196038577	-11.4762821045788	NA	NA	NA	NA	NA	NA	NA	NA	NA	NA	NA	NA	NA	-13.0612446053	NA	NA	NA	NA	NA	NA	NA	NA	NA	NA	NA	NA	NA	NA	NA	NA	NA	NA	NA	NA	NA	NA	NA	NA	NA	NA	NA	NA	NA	NA	-14.0612446053	NA
VAN36	-3.28745116611565	-12.0542166790678	-8.95468100551688	-0.511599327105823	-6.4021399824881	-4.35278643906089	NA	-12.8615716011254	-9.4353068464233	-6.31467714123776	-12.539643506238	-10.1066840989619	-8.52172159824077	-6.9850546545604	-6.3537769609267	-8.10668409896193	NA	NA	NA	-6.21411317467048	-8.69164659968309	-6.60418375843275	NA	NA	NA	-13.2766091004042	-6.73745028929621	-7.52172159824077	NA	-8.08021188760074	NA	-6.21051990994647	-10.7741087598751	-6.51727569320958	-7.69164659968309	NA	-13.2766091004042	NA	-8.12010461472425	-8.50401959650731	NA	NA	-8.79548241066763	-11.4021399824881	NA	-11.4021399824881	NA	-12.0542166790678	-12.539643506238	NA	-8.83920378809694	-10.9546810055169	-12.8615716011254	-10.1066840989619	-11.4021399824881	-9.65211823549645	-13.8615716011254	NA	NA	NA	NA	NA	NA	NA	NA	NA	-11.539643506238	NA	-9.8615716011254	NA	NA	NA	NA	NA	NA	NA	-12.539643506238	NA	NA
VAN37	-0.00435543083679827	-11.5438373901242	NA	NA	NA	NA	NA	-11.1287998908454	-11.5438373901242	NA	NA	NA	NA	NA	-10.1287998908454	NA	NA	NA	NA	NA	NA	-11.1287998908454	NA	NA	NA	NA	NA	NA	NA	NA	NA	-12.1287998908454	NA	NA	NA	NA	NA	NA	NA	NA	NA	NA	NA	NA	NA	NA	NA	NA	-11.5438373901242	NA	NA	NA	NA	NA	NA	NA	NA	NA	NA	NA	NA	NA	NA	NA	NA	NA	NA	NA	NA	NA	NA	NA	NA	NA	NA	NA	NA	NA	NA
VAN39	-0.0114269762484306	NA	NA	NA	-11.9166259222112	NA	NA	NA	NA	NA	NA	NA	NA	NA	-8.74670092076892	NA	NA	NA	NA	NA	NA	NA	NA	-8.33166342149008	NA	NA	NA	NA	NA	NA	NA	-9.91662592221124	NA	NA	NA	NA	NA	NA	NA	NA	NA	NA	NA	NA	NA	-11.9166259222112	NA	NA	-11.9166259222112	NA	NA	NA	NA	NA	NA	NA	NA	NA	NA	NA	NA	NA	NA	NA	-11.3316634214901	-11.9166259222112	NA	NA	NA	NA	NA	NA	NA	NA	NA	NA	NA	NA	NA
VAN4	-5.82161318097545	-1.44983339881257	-10.3535144379452	-1.56887959238768	-10.5599653154126	-3.30766378636723	NA	NA	NA	-4.15974269454852	NA	-5.55650146010905	NA	-10.6754425328326	-9.86808761077495	-3.49056718992427	NA	-9.93847693866635	NA	-11.2604050335537	-13.2604050335537	-12.6754425328326	-7.83414027885162	NA	NA	NA	NA	NA	NA	NA	NA	NA	NA	NA	-13.2604050335537	-9.13112201660875	NA	NA	-13.2604050335537	-10.3535144379452	NA	NA	NA	NA	NA	NA	NA	NA	NA	NA	NA	NA	NA	NA	NA	NA	NA	NA	NA	NA	NA	NA	NA	NA	NA	NA	NA	NA	NA	NA	NA	NA	NA	NA	NA	NA	-13.2604050335537	NA	NA
VAN40	-1.63788912604971	-5.49739666735345	-11.745324180797	NA	-10.2428238402679	-2.63854316234692	NA	NA	NA	-7.42339608590967	NA	-3.22176222474002	-7.88734318566946	-7.87085506288089	-11.0083585866308	-12.0083585866308	NA	-9.47230568639062	-3.16663700550237	-4.12449343212103	-3.83443165463102	-5.13552982709594	-11.0083585866308	NA	NA	NA	NA	NA	NA	-6.58881969511704	NA	NA	NA	NA	-6.6578613395467	-11.5229317594606	-11.5229317594606	NA	-4.89774478112993	NA	-5.15785917287271	-8.80672472546118	NA	NA	NA	NA	NA	NA	-13.3302866815182	NA	-12.3302866815182	NA	NA	NA	-9.33028668151819	-9.28589256215974	-6.94658238904414	-10.4233960859097	-7.45992196193479	NA	NA	NA	-12.745324180797	NA	NA	NA	NA	NA	NA	NA	NA	NA	-10.745324180797	NA	NA	NA	NA	NA	NA
VAN47	-0.123839203374428	-11.4616840703687	NA	NA	-8.97625724319843	-9.02872466309257	NA	NA	NA	-12.783612165256	NA	NA	NA	-8.87672156964752	-9.87672156964752	NA	-3.98271226533573	NA	NA	NA	NA	NA	-12.1986496645349	NA	NA	NA	NA	NA	NA	NA	-6.5074877599818	NA	NA	NA	NA	NA	NA	NA	NA	NA	NA	NA	NA	NA	NA	NA	-12.1986496645349	NA	NA	NA	NA	NA	NA	NA	NA	NA	NA	NA	NA	NA	NA	NA	NA	NA	NA	NA	NA	NA	NA	NA	NA	NA	NA	NA	NA	NA	NA	NA	NA
VAN48	-4.64794032539437	-3.02483185297994	-11.2391509737807	-0.279269754178983	-12.8241134745019	-9.57618596105827	NA	NA	-12.8241134745019	-10.2391509737807	NA	-11.6541884730595	NA	-12.5021853796145	-10.8241134745019	NA	-7.38116997865313	NA	NA	NA	NA	NA	NA	NA	NA	NA	NA	-11.5021853796145	NA	-10.6541884730595	NA	-11.8241134745019	-12.5021853796145	NA	NA	NA	NA	NA	NA	NA	NA	-10.6541884730595	NA	NA	-9.7797193551434	NA	NA	-13.2391509737807	NA	NA	NA	NA	NA	NA	NA	NA	NA	NA	NA	NA	NA	NA	NA	NA	NA	NA	NA	NA	-13.2391509737807	NA	NA	NA	NA	NA	NA	NA	NA	NA	NA
VAN5	-0.881190355112008	NA	-2.21430861414594	NA	-4.16020759013987	NA	NA	NA	NA	-5.39467284377689	NA	NA	-10.8447057644119	-11.0670981857484	-6.45238834163318	NA	NA	NA	NA	-8.06709818574839	NA	-9.19262906783224	NA	NA	NA	NA	NA	NA	-2.82471798223543	NA	NA	-11.3301325915822	NA	NA	NA	NA	NA	NA	NA	NA	NA	NA	NA	-12.0670981857484	NA	-12.6520606864695	-11.6520606864695	NA	-12.6520606864695	NA	NA	NA	-12.0670981857484	NA	NA	NA	NA	NA	NA	NA	NA	NA	NA	NA	NA	NA	-9.65206068646954	NA	NA	NA	NA	NA	NA	NA	NA	-12.6520606864695	NA	NA	NA
VAN51	-0.0804179514180615	NA	-10.7108064336994	-13.0327345285867	-4.58840980233963	NA	NA	NA	NA	-8.35091048861297	NA	NA	NA	NA	-8.31391628113077	NA	NA	NA	NA	NA	NA	NA	NA	-8.00298718519266	NA	NA	NA	NA	NA	NA	NA	-10.5302341880575	-13.6176970293079	NA	NA	NA	NA	NA	NA	NA	NA	NA	NA	-12.0327345285867	NA	-12.6176970293079	NA	NA	NA	NA	NA	NA	-13.0327345285867	NA	NA	NA	NA	NA	NA	NA	NA	NA	NA	NA	-12.2957689344205	-12.6176970293079	NA	NA	NA	NA	-12.2957689344205	NA	NA	NA	NA	NA	NA	NA	NA
VAN53	-0.138793780435638	NA	NA	-7.5832171154139	-4.0867912892944	-7.45983469990862	NA	-10.8056095367503	NA	-8.3905720374715	NA	-10.2206470360292	NA	-9.69013231933041	-7.06864394258414	NA	NA	NA	NA	-11.8056095367503	-8.48368144186299	NA	NA	NA	NA	NA	NA	NA	NA	NA	NA	-9.80560953675035	-12.3905720374715	NA	NA	NA	NA	NA	NA	NA	NA	NA	NA	NA	NA	-9.93114041883421	-11.8056095367503	-11.8056095367503	NA	NA	NA	-10.2206470360292	-10.8056095367503	-10.5832171154139	NA	NA	NA	NA	NA	NA	NA	-11.8056095367503	NA	NA	-11.8056095367503	NA	NA	NA	NA	NA	NA	NA	NA	NA	-11.3905720374715	NA	NA	NA	NA
VAN56	-0.0280808276580995	-10.0138211342123	NA	-7.76228236721628	-11.9467069383537	-9.97987380228891	NA	NA	NA	NA	NA	-9.67821810242781	NA	-9.94670693835371	-8.26658720459222	-13.406138556991	NA	NA	NA	-12.0842104621036	NA	-12.406138556991	NA	-13.406138556991	NA	NA	NA	NA	-10.3617444376326	NA	NA	-11.9467069383537	-12.5987836349334	NA	NA	-13.406138556991	NA	-7.80622571480388	NA	NA	NA	NA	NA	NA	NA	NA	NA	-13.8211760562699	NA	-13.8211760562699	NA	NA	NA	NA	NA	NA	NA	-12.406138556991	NA	NA	NA	-12.8211760562699	-12.8211760562699	NA	NA	NA	NA	NA	NA	NA	NA	NA	NA	NA	NA	NA	-14.406138556991	NA	NA
VAN59	-0.57568541175032	NA	-1.65950260317819	-9.70104272548149	NA	NA	NA	-11.9026765866511	NA	NA	NA	NA	NA	NA	-8.552179339567	NA	NA	NA	NA	NA	NA	NA	NA	-7.70104272548149	NA	NA	NA	NA	NA	NA	NA	-10.7651730629012	-12.2246046815385	NA	NA	NA	NA	NA	NA	NA	NA	NA	NA	-11.6396421808173	NA	-11.6396421808173	-11.2246046815385	-12.6396421808173	NA	NA	NA	NA	-11.2246046815385	NA	NA	NA	NA	NA	NA	NA	NA	-11.0546796800962	NA	NA	NA	NA	NA	NA	NA	-11.6396421808173	NA	-12.2246046815385	NA	NA	NA	NA	-12.6396421808173	NA	NA
VAN8	-8.80061859056173	NA	NA	-10.7392180458976	-3.44459729700596	-8.86474892798144	NA	-9.41728995101022	NA	NA	-0.316102135750484	NA	NA	-5.32982710975988	-4.59286151559368	NA	NA	NA	NA	NA	NA	NA	NA	NA	NA	NA	NA	NA	-11.0022524517314	NA	NA	-6.94914111527182	-11.0022524517314	NA	NA	NA	NA	NA	NA	NA	NA	NA	NA	-9.86474892798144	NA	-7.07625303317516	-8.51682562456114	NA	-10.3241805466187	NA	NA	-8.73921804589759	-9.2367177053684	NA	NA	NA	NA	NA	NA	NA	NA	-11.7392180458976	NA	NA	-8.51682562456114	-9.73921804589759	NA	-11.7392180458976	NA	-10.7392180458976	-10.5168256245611	NA	NA	NA	-10.5168256245611	NA	NA	NA	-10.5168256245611
VAN9	-7.55647121916647	-0.339042198891847	-2.56881961159411	NA	-9.20854791574616	-7.84999089886807	-12.63739121455	NA	NA	-6.1271595889055	NA	-9.11866241222896	NA	-10.7231210885759	-8.84597783636145	NA	NA	-13.1679059312488	-10.6099104781279	-9.2397988497306	NA	-10.4798499375636	-8.65835083318568	NA	NA	NA	NA	NA	-12.75286843197	-11.0899034192475	-9.86209750172473	NA	NA	NA	-12.63739121455	NA	-13.3378309326911	NA	-10.8783993140538	NA	-15.3378309326911	-12.63739121455	-9.623585415025	NA	-10.6939747429164	NA	NA	NA	NA	NA	NA	NA	NA	-13.75286843197	-13.1679059312488	-14.3378309326911	-13.5304760106335	-15.3378309326911	NA	NA	NA	NA	NA	NA	NA	NA	NA	NA	NA	NA	NA	NA	-13.3378309326911	NA	NA	NA	NA	NA	NA
VANB1	-0.00717791099300625	-10.0746122717495	-10.7851056545545	-9.94685672455116	-10.5440975550507	NA	NA	-12.3700681552757	-14.2445372731918	NA	-14.2445372731918	-14.2445372731918	NA	-14.2445372731918	-10.1570744319415	NA	NA	NA	NA	-13.0221448518554	NA	-13.2445372731918	NA	NA	NA	NA	NA	NA	-12.3700681552757	NA	NA	NA	-14.2445372731918	NA	NA	NA	NA	NA	NA	NA	NA	NA	NA	-14.2445372731918	NA	NA	NA	NA	NA	NA	NA	NA	NA	NA	NA	NA	NA	NA	NA	NA	NA	NA	NA	NA	NA	NA	NA	NA	NA	NA	NA	NA	NA	NA	NA	NA	NA	NA	NA
VANB10	-2.07597962842962	-6.28483299611236	-9.1372758076985	-2.6015684217794	-5.08803228867865	-4.37056287013824	-5.28483299611236	-9.30720080914081	NA	NA	NA	-3.98527271425345	-9.72223830841965	-6.98527271425345	-4.16254256630893	-11.3072008091408	NA	-7.66334461936609	-3.27653367289387	-6.57928035457761	-6.21973796789047	-5.15745368963613	-9.72223830841965	NA	NA	NA	NA	NA	NA	-4.76030634925317	-7.21973796789047	-6.94964880452273	-7.84776919050351	NA	-6.1372758076985	NA	NA	NA	-4.85598969730848	-9.49984588708321	NA	-7.49984588708321	-8.49984588708321	-8.49984588708321	NA	-8.40031021353229	-7.91488338636205	-8.60676109099972	-9.98527271425345	NA	NA	-8.05927329569722	-7.91488338636205	-8.30720080914081	-5.93216137779388	-8.98527271425345	-7.44921981401324	-9.1372758076985	-8.98527271425345	NA	-9.1372758076985	-7.26280668978236	-10.7222383084197	-8.84776919050351	-8.49984588708321	-9.30720080914081	NA	-11.3072008091408	NA	-10.7222383084197	NA	-10.3072008091408	-8.98527271425345	-10.7222383084197	NA	NA	-10.3072008091408	-9.30720080914081	NA
VANB11	-3.62598473156256	-0.140260520969135	-10.6616733230858	-12.5012086508925	-14.7491361643361	NA	NA	NA	NA	-6.80369232795822	NA	NA	NA	NA	-13.9417812422785	NA	NA	NA	NA	NA	NA	NA	-9.61985314739117	NA	NA	NA	NA	NA	-13.9417812422785	NA	NA	NA	NA	NA	NA	NA	NA	NA	NA	NA	NA	NA	NA	NA	-11.048696446195	NA	NA	NA	NA	NA	NA	NA	NA	NA	NA	NA	NA	NA	NA	NA	NA	NA	NA	NA	NA	NA	NA	NA	NA	NA	NA	NA	NA	NA	NA	NA	NA	NA	NA
VANB12	-11.071752838819	-1.02322055493255	NA	-1.00534966308829	-12.1712885123699	NA	NA	-13.6567153395402	NA	NA	NA	NA	NA	-14.3936809337064	-9.13315338348315	NA	NA	NA	NA	NA	NA	NA	NA	NA	NA	NA	NA	NA	NA	NA	NA	-11.8911805931772	-14.3936809337064	NA	NA	NA	NA	-7.42022272115886	NA	NA	NA	NA	NA	NA	-12.6567153395402	-13.6567153395402	-12.6567153395402	NA	-12.5192118157902	NA	NA	-11.8911805931772	-13.3936809337064	NA	NA	NA	NA	NA	NA	NA	NA	NA	NA	-14.3936809337064	-12.8087184329852	NA	NA	NA	NA	NA	NA	NA	NA	NA	NA	NA	NA	NA	NA
VANB13	-0.998943467517124	NA	-1.457220389002	-12.0927571409199	-3.93490497177811	NA	NA	-11.8297227350861	NA	NA	-12.4146852358072	NA	NA	-10.1667577223636	-10.0927571409199	NA	-3.91583602927549	-12.8297227350861	NA	NA	NA	-12.4146852358072	NA	NA	-12.4146852358072	NA	NA	NA	NA	NA	NA	-11.6073303137496	NA	NA	NA	NA	NA	NA	NA	NA	NA	NA	NA	NA	NA	NA	-12.4146852358072	NA	NA	NA	NA	NA	NA	NA	NA	NA	NA	NA	NA	NA	NA	-12.4146852358072	NA	NA	NA	NA	NA	NA	NA	NA	NA	-12.8297227350861	NA	NA	NA	NA	NA	NA	NA
VANB15	-0.125600892373673	-11.1933713498215	-6.85352134693687	NA	-6.81833191847457	-5.93598350712885	-10.7339397311842	-11.0234463483792	NA	NA	NA	-7.0538199974227	-10.7339397311842	-8.31072830045966	-7.98391798419255	NA	NA	NA	NA	-7.66980939376448	-8.36048133565676	-9.80105392704274	NA	-6.94544383637791	NA	-9.54951516004677	NA	NA	-13.1933713498215	NA	NA	-11.8714432549341	-13.1933713498215	NA	NA	NA	NA	NA	NA	NA	-11.3860164277639	NA	-7.7339397311842	NA	NA	-12.6084088491003	-10.4929316316804	NA	NA	-10.286480754213	NA	-11.8714432549341	NA	NA	-10.6084088491003	NA	NA	NA	-9.60840884910034	NA	NA	NA	-7.87144325493413	NA	NA	NA	NA	NA	NA	NA	NA	-12.6084088491003	-11.0234463483792	NA	NA	NA	NA	NA	NA
VANB17	-3.85158166467126	NA	NA	-0.153962159280547	-11.7362609811896	NA	NA	-12.3212234819108	-5.4851731268527	NA	-12.3212234819108	NA	NA	NA	-7.92890605913201	NA	NA	NA	NA	NA	NA	NA	NA	NA	NA	NA	NA	NA	NA	NA	NA	-10.8617918632735	-12.3212234819108	NA	NA	NA	NA	-8.67736729213605	NA	NA	NA	NA	NA	NA	NA	-11.5138685598532	-11.3212234819108	-12.3212234819108	NA	NA	NA	-11.7362609811896	-11.9992953870234	NA	NA	NA	NA	NA	NA	NA	NA	NA	NA	NA	-12.3212234819108	NA	NA	NA	NA	NA	NA	NA	NA	NA	NA	NA	NA	NA	NA
VANB2	-0.0336726756929698	-10.3942585203896	-8.72048675271063	-9.14271975339368	-11.7865759431684	-12.2016134424472	NA	-11.464647848281	NA	-11.9792210211108	NA	-12.464647848281	-13.7865759431684	NA	-6.78095139397452	NA	NA	NA	NA	-12.2016134424472	NA	NA	NA	-12.464647848281	NA	NA	NA	NA	NA	NA	NA	-8.85583860560551	-11.9792210211108	NA	NA	NA	NA	NA	NA	NA	NA	NA	NA	NA	NA	-10.6166509417261	-10.5386484297248	-12.2016134424472	-12.7865759431684	NA	NA	-10.5386484297248	-10.5386484297248	NA	NA	NA	NA	NA	NA	NA	NA	-10.0316884410049	NA	NA	-11.3271443245311	NA	NA	NA	NA	NA	NA	-11.3271443245311	NA	-13.2016134424472	NA	NA	-13.2016134424472	NA	NA
VANB20	-0.00535755046850938	-12.0016544871559	-11.8641509634059	-13.3235825820432	NA	NA	NA	-13.7386200813221	-9.54222286851859	NA	NA	NA	NA	NA	-9.65115724007175	NA	NA	NA	NA	NA	NA	NA	NA	NA	NA	NA	NA	NA	NA	NA	NA	-11.8641509634059	NA	NA	NA	NA	NA	NA	NA	NA	NA	NA	NA	NA	NA	NA	NA	-12.5162276599856	NA	NA	NA	NA	NA	NA	NA	NA	NA	NA	NA	NA	NA	NA	NA	NA	NA	NA	NA	NA	NA	NA	NA	NA	NA	NA	NA	NA	NA	NA	NA
VANB21	-0.645377447019877	-7.64429067104315	-10.8494051009478	-8.8900470854451	-10.8494051009478	NA	NA	-11.6974020075027	-1.56425979510211	NA	-12.4343676016689	NA	NA	-11.2119751803325	-7.27786311598892	-10.8494051009478	NA	NA	NA	NA	-10.0193301023901	NA	NA	NA	NA	NA	NA	NA	NA	NA	NA	-9.49576814633306	-10.6974020075027	NA	NA	-11.4343676016689	NA	NA	NA	NA	NA	NA	NA	NA	NA	-11.6974020075027	-11.4343676016689	-13.0193301023901	-11.6974020075027	NA	NA	-10.6974020075027	-12.4343676016689	NA	NA	NA	NA	NA	NA	NA	NA	NA	NA	NA	-11.4343676016689	NA	NA	NA	-10.318890384249	NA	NA	NA	NA	-13.0193301023901	NA	NA	NA	NA	NA
VANB22	-0.0460527683900443	-10.2547560975888	NA	-10.6332677208426	-11.1478408936723	-9.95519581572994	NA	-10.9551958157299	NA	NA	NA	-8.74574245010099	-12.3702333150088	-9.63326772084258	-8.09721482060237	-12.3702333150088	NA	-10.7852708142876	-7.65141506755284	-8.63326772084258	-8.70726830228636	-8.66979359686769	NA	NA	NA	NA	-12.3702333150088	-12.9551958157299	-12.3702333150088	-8.49576419709264	NA	NA	-12.3702333150088	-10.0483052201214	-12.9551958157299	NA	NA	NA	-11.3702333150088	-12.3702333150088	NA	NA	-10.7852708142876	NA	NA	-11.3702333150088	-12.9551958157299	-11.6332677208426	NA	NA	NA	NA	-12.3702333150088	NA	NA	NA	-11.9551958157299	NA	NA	NA	NA	NA	NA	NA	NA	NA	-10.7852708142876	NA	NA	NA	NA	NA	NA	NA	NA	NA	NA	NA	NA
VANB25	-3.09308581048293	-11.9930900205062	NA	-0.18625273974696	-13.8004449425638	NA	-13.8004449425638	-13.2154824418427	NA	NA	NA	NA	NA	-11.3410133239265	-10.4785168476765	NA	NA	NA	NA	NA	NA	NA	NA	NA	NA	NA	NA	NA	-8.73435575210604	NA	NA	NA	NA	NA	NA	NA	NA	NA	NA	NA	NA	NA	NA	NA	NA	NA	NA	NA	NA	NA	NA	NA	NA	NA	NA	NA	NA	NA	NA	NA	NA	NA	NA	NA	NA	NA	NA	NA	NA	NA	NA	NA	NA	NA	NA	NA	NA	NA	NA
VANB26	-0.0663012381468717	NA	NA	-11.6229669447905	-10.8860013506243	NA	NA	-10.6229669447905	-6.46646245911052	NA	-10.6229669447905	-9.20792944551167	-11.6229669447905	-11.2079294455117	-5.65334059383403	-11.2079294455117	NA	NA	NA	-8.96000193206808	NA	NA	NA	NA	NA	NA	NA	NA	-8.96000193206808	NA	NA	-8.81561202273291	-11.2079294455117	NA	NA	NA	NA	NA	NA	NA	NA	NA	-11.6229669447905	NA	NA	NA	-11.6229669447905	NA	NA	NA	NA	NA	NA	NA	NA	-10.6229669447905	NA	NA	NA	NA	NA	NA	NA	NA	NA	-10.6229669447905	NA	NA	NA	NA	NA	-12.2079294455117	NA	NA	NA	NA	NA	NA	NA
VANB27	-10.5338163894334	-11.0743847707961	NA	-11.5338163894334	-0.00267864798865112	NA	NA	NA	NA	NA	NA	NA	NA	NA	-12.211888294546	-12.5338163894334	NA	NA	NA	NA	NA	NA	NA	NA	NA	NA	NA	NA	NA	NA	NA	NA	NA	NA	NA	NA	NA	NA	NA	NA	NA	NA	NA	NA	NA	NA	NA	NA	NA	NA	NA	NA	NA	NA	NA	NA	NA	NA	NA	NA	NA	NA	NA	NA	NA	NA	NA	NA	NA	NA	NA	NA	NA	NA	NA	NA	NA	NA	NA
VANB28	-0.0206313327721307	-10.6334998300632	NA	-11.8034248315055	-11.8034248315055	NA	NA	-10.3439932128682	NA	NA	NA	NA	NA	NA	-7.02206511798082	NA	NA	NA	NA	NA	NA	NA	NA	NA	NA	NA	NA	NA	NA	NA	NA	-10.2184623307843	-12.8034248315055	NA	NA	NA	NA	NA	NA	NA	NA	NA	NA	NA	NA	-10.4814967366181	-10.9960699094479	NA	NA	NA	NA	-10.6334998300632	-12.2184623307843	NA	NA	NA	NA	NA	NA	-10.3439932128682	NA	-12.8034248315055	NA	NA	NA	NA	NA	NA	NA	NA	-11.8034248315055	NA	NA	NA	NA	NA	NA	-11.4814967366181	NA
VANB29	-0.00116636866156154	-11.1906477800384	NA	-11.7756102807595	NA	NA	NA	NA	NA	NA	NA	NA	NA	NA	NA	NA	NA	NA	NA	NA	NA	NA	NA	NA	NA	NA	NA	NA	NA	NA	NA	NA	NA	NA	NA	NA	NA	NA	NA	NA	NA	NA	NA	NA	NA	NA	NA	-13.3605727814807	NA	NA	NA	NA	NA	NA	NA	NA	NA	NA	NA	NA	NA	NA	NA	NA	NA	NA	NA	NA	NA	NA	NA	NA	NA	NA	NA	NA	NA	NA	NA
VANB3	-8.52480119783103	-7.25050767458255	-0.0555478478841522	-11.4882753218059	-6.68435948371509	-11.9357342987771	NA	NA	-14.6582003232482	-7.6604562971886	NA	-10.4102728098046	NA	-9.70400401286136	-10.8303812986309	-10.9577606051071	NA	NA	NA	-7.41597892814986	-12.172773496078	-10.6947261992733	-9.71334187744069	NA	-12.732200904692	NA	NA	NA	-13.172773496078	-14.9801284181356	-9.75130972763971	NA	NA	-12.9801284181356	NA	NA	NA	NA	NA	-11.425539566458	-12.122147423008	NA	NA	NA	NA	NA	-13.9801284181356	NA	NA	NA	NA	NA	NA	NA	-13.9801284181356	NA	NA	-14.3951659174144	NA	NA	NA	NA	NA	NA	NA	NA	NA	NA	NA	NA	NA	NA	NA	NA	NA	NA	NA	NA	NA
VANB30	-0.145763643052462	-8.11113567023471	-9.3949286362353	-9.91849059229231	-6.60560763700796	-8.56093858767423	NA	NA	NA	-10.3335280915712	NA	-7.37933178118428	NA	-6.99962735501772	-6.42663749596264	-10.1111356702347	NA	NA	-10.2180508741512	-6.9412106687924	-11.5965624974049	-8.96429428190544	-8.33352809157116	NA	NA	-6.86320815679112	-9.67056307884873	-11.5965624974049	NA	-11.9184905922923	-6.78920757534734	-8.3949286362353	NA	-9.74856559085	-9.27463440251759	NA	NA	NA	-10.1111356702347	-9.33352809157116	NA	NA	NA	-11.9184905922923	NA	-12.3335280915712	-12.9184905922923	-11.3335280915712	NA	NA	NA	NA	-12.3335280915712	-10.3335280915712	-9.83102775104197	-9.52617316951355	-12.3335280915712	-12.3335280915712	NA	-12.3335280915712	NA	NA	NA	NA	NA	-9.74856559085	-9.91849059229231	NA	-11.1111356702347	NA	NA	NA	NA	-11.9184905922923	NA	NA	NA	NA	NA
VANB34	-11.8333961341632	-5.13851594136404	-1.53125989954118	-12.6698974018803	-4.20462253896158	-2.42239367454588	-2.6191741678149	NA	NA	-6.74423700225199	NA	-4.11175005574484	-4.96451186113445	-6.68283645758785	NA	-4.21368968411734	NA	-5.4892777996418	NA	-9.01782070530066	-8.79075179675473	-6.48289888707909	-8.61927132881038	NA	NA	-10.8625424798227	NA	NA	NA	NA	NA	NA	NA	NA	NA	-6.8998234959022	-6.896051742013	NA	NA	NA	NA	NA	NA	NA	NA	NA	NA	NA	NA	NA	NA	NA	NA	NA	NA	NA	NA	NA	-12.6698974018803	NA	-9.69589261041329	NA	NA	NA	NA	NA	NA	NA	NA	NA	NA	NA	NA	NA	NA	NA	NA	NA	NA
VANB35	-0.00323097358486844	NA	-11.6115518092003	-11.4189067312579	NA	-13.4189067312579	NA	NA	NA	NA	NA	NA	NA	NA	-13.4189067312579	NA	NA	NA	NA	NA	NA	NA	NA	-9.51201613564938	NA	NA	NA	NA	NA	NA	NA	NA	NA	NA	NA	NA	NA	NA	NA	NA	NA	NA	NA	NA	NA	NA	NA	NA	NA	NA	NA	NA	NA	NA	NA	NA	NA	NA	NA	NA	NA	NA	NA	NA	NA	NA	NA	NA	NA	NA	NA	NA	NA	NA	NA	NA	NA	NA	NA
VANB36	-5.05473387065933	NA	-8.62357670601721	-0.763731362095762	-4.44698797429388	-2.89067440834641	-11.2085392067384	NA	NA	-5.4590049390691	-10.7231123795681	-8.12107636548802	-9.28253978818214	-7.35055821161079	-7.96061169329478	-6.4536517045749	NA	NA	NA	-6.07514008132117	-6.33571044720348	-6.10420254692363	NA	NA	NA	-8.26368076093082	-6.31129878116356	-8.57627099123885	NA	-8.12107636548802	NA	-8.07103568298843	-12.5304673016257	-6.48061875217516	-6.58795279628649	NA	-10.0069053455687	NA	-5.65395035506073	-5.8830088751708	NA	NA	-9.72311237956812	NA	NA	-12.9455048009046	-12.2085392067384	NA	-13.5304673016257	NA	-6.8369803441264	NA	-13.5304673016257	NA	-9.44300446037539	-7.8162217839596	NA	NA	-11.5304673016257	NA	NA	NA	-12.5304673016257	NA	NA	-11.2085392067384	NA	NA	-8.57627099123885	NA	NA	NA	NA	-12.9455048009046	NA	NA	-12.5304673016257	NA	NA
VANB37	-0.0113255810959009	-11.1455379627028	NA	-8.73050046342398	NA	-11.9528928847604	NA	-11.4503925442312	-11.8374156673405	NA	NA	-13.9528928847604	NA	-12.5378553854816	-9.04600228915191	-12.0784237668443	NA	NA	NA	NA	NA	NA	NA	NA	NA	NA	NA	NA	-12.5378553854816	-12.730500463424	NA	-11.6309647898731	NA	NA	NA	-13.2159272905942	NA	-13.5378553854816	NA	NA	NA	NA	NA	NA	NA	-11.8374156673405	-12.2159272905942	-12.5378553854816	NA	NA	NA	NA	-12.9528928847604	NA	NA	NA	NA	NA	NA	NA	NA	-14.5378553854816	NA	NA	-12.730500463424	NA	NA	NA	NA	NA	NA	NA	NA	NA	NA	NA	NA	NA	NA
VANB39	-0.0816317125990967	-5.93774594657656	-10.9548194599355	-10.5397819606567	-9.08035034201936	-9.0252087878269	NA	-11.887705264077	NA	-8.88770526407696	NA	NA	-12.1772118812719	-12.0252087878269	-6.61581785168919	-7.24384907430224	NA	-9.82357492665724	NA	-13.0252087878269	NA	NA	-10.3471368827143	-8.24910479975373	NA	NA	NA	NA	NA	-13.0252087878269	NA	-9.00728687982963	-12.5397819606567	NA	-13.7621743819931	NA	NA	NA	NA	NA	NA	NA	NA	NA	NA	-9.92087212801216	-11.1772118812719	-11.4402462871057	-13.0252087878269	NA	NA	-10.2178538657693	-10.1772118812719	NA	NA	-14.3471368827143	NA	-9.88770526407696	NA	NA	NA	NA	NA	-12.7621743819931	-10.7621743819931	-11.887705264077	NA	NA	NA	NA	-11.6466971645732	-13.0252087878269	NA	NA	NA	NA	-13.0252087878269	NA	-11.887705264077
VANB4	-0.0388536408525679	-10.6518085037961	-8.35718775490443	-9.8704487902714	-7.0188133066531	-12.0668460030749	NA	-12.1923768851588	NA	-11.951368785655	NA	-11.951368785655	NA	-10.0370986596808	-8.61838550225861	-10.1923768851588	-9.65180850379606	NA	NA	-11.7449179081875	NA	-11.5643456625457	-13.0668460030749	NA	NA	NA	NA	NA	-13.6518085037961	NA	NA	-11.4818835023537	-11.4038809903525	NA	-13.6518085037961	NA	NA	NA	NA	NA	NA	NA	NA	NA	NA	-12.1923768851588	NA	-8.75699074048811	-12.6518085037961	NA	NA	-12.3298804089087	-13.0668460030749	NA	NA	NA	NA	NA	NA	-9.19237688515876	NA	NA	NA	-12.3298804089087	-12.8444535817385	-12.6518085037961	NA	NA	NA	-10.8444535817385	NA	-12.8444535817385	NA	NA	NA	NA	-13.3298804089087	NA	NA
VANB40	-0.00882148640636718	-9.38799461910202	NA	-9.49841860879567	-12.6359221325456	NA	NA	-14.957850227433	NA	-13.3728877267118	NA	NA	NA	-12.957850227433	-9.58281079608605	NA	NA	NA	NA	-14.3728877267118	-11.957850227433	NA	NA	NA	NA	NA	NA	NA	NA	NA	NA	-11.0998692323054	-12.957850227433	NA	NA	NA	NA	NA	NA	NA	NA	NA	NA	NA	NA	-13.6359221325456	-13.957850227433	NA	NA	NA	NA	NA	-14.957850227433	NA	NA	NA	NA	NA	NA	NA	NA	NA	NA	NA	NA	NA	NA	NA	-11.2029627252695	NA	-14.957850227433	NA	NA	NA	NA	NA	NA	NA	NA
VANB47	-0.0271186906389294	NA	NA	NA	NA	NA	NA	-11.2953097698587	NA	NA	NA	NA	NA	NA	-9.29530976985874	NA	-6.62855317797394	NA	NA	NA	NA	NA	NA	NA	NA	NA	NA	NA	NA	NA	-12.0322753640249	NA	NA	NA	NA	NA	NA	NA	NA	NA	NA	NA	NA	-10.8098829426885	NA	NA	NA	NA	NA	NA	NA	NA	NA	NA	NA	NA	NA	NA	NA	-7.44731286330379	NA	NA	NA	NA	NA	NA	NA	NA	NA	NA	NA	NA	NA	NA	NA	NA	NA	NA	NA
VANB48	-8.96092340345177	-2.70267859902267	-9.51346442648055	-0.27044916406402	-10.8353925213679	-9.02803759931031	-10.6130001000315	NA	NA	-9.0984269272017	NA	-8.2910720051441	-10.6130001000315	-10.6130001000315	-9.0984269272017	NA	-11.0984269272017	NA	NA	NA	NA	NA	-11.4203550220891	NA	NA	-10.2504300206468	NA	NA	NA	NA	NA	-11.0984269272017	-11.8353925213679	NA	NA	NA	NA	NA	NA	NA	NA	NA	NA	NA	NA	NA	-12.4203550220891	NA	NA	NA	NA	NA	-12.4203550220891	NA	NA	NA	NA	NA	NA	NA	NA	NA	NA	NA	NA	NA	NA	NA	NA	NA	NA	NA	NA	NA	NA	NA	NA	NA	NA
VANB5	-0.251513232344491	NA	-4.05631696887276	NA	-4.54992352052572	NA	NA	NA	NA	-6.88809225642029	NA	NA	NA	-12.6160127109835	-11.0310502102623	NA	-4.41797700278423	NA	NA	-11.6160127109835	NA	-13.2009752117046	NA	NA	NA	NA	NA	NA	-11.8790471168173	NA	NA	NA	-11.8790471168173	NA	NA	NA	NA	NA	NA	NA	NA	NA	NA	-12.6160127109835	NA	NA	NA	NA	NA	NA	NA	NA	NA	NA	NA	NA	NA	NA	NA	NA	NA	NA	NA	NA	NA	NA	NA	NA	NA	NA	NA	NA	NA	NA	NA	-12.2009752117046	NA	NA	NA
VANB51	-0.0044544026945233	NA	NA	NA	NA	NA	NA	-11.7338627196785	NA	NA	NA	NA	NA	NA	-8.48593520623496	NA	NA	NA	NA	NA	NA	NA	NA	NA	NA	NA	NA	NA	NA	NA	NA	NA	NA	NA	NA	NA	NA	NA	NA	NA	NA	NA	NA	NA	NA	NA	NA	NA	NA	NA	NA	NA	NA	NA	NA	NA	NA	NA	NA	NA	NA	NA	NA	NA	NA	NA	NA	NA	NA	NA	NA	NA	NA	NA	NA	NA	NA	NA	NA
VANB53	-0.0307351077530371	-8.66152620234997	-10.5359953202661	-13.2908828224296	-12.2908828224296	-10.6470266326549	-8.17194174970607	-11.2908828224296	NA	-11.5904431042885	NA	-8.12095782098726	-13.7059203217084	-9.0620641319337	-10.0814294568006	NA	NA	NA	NA	-10.042955308986	-11.9689547275422	-10.2464887030711	-12.9689547275422	NA	NA	NA	NA	NA	NA	NA	NA	-11.483527900372	-10.5904431042885	NA	-11.9689547275422	NA	-12.2908828224296	NA	-12.483527900372	NA	NA	-12.2908828224296	-12.7059203217084	-11.8314512037923	NA	NA	NA	-13.2908828224296	-13.2908828224296	NA	NA	NA	-13.7059203217084	NA	-12.9689547275422	NA	-14.2908828224296	-11.2908828224296	NA	NA	NA	-12.9689547275422	NA	NA	-12.9689547275422	NA	NA	NA	NA	-10.1615998054846	NA	NA	NA	NA	NA	NA	NA	NA	NA
VANB56	-10.4751200912294	NA	-0.0387098953159446	-12.723047604673	-11.8161570090645	NA	NA	-11.4751200912294	NA	NA	NA	NA	NA	NA	-8.06483612192121	NA	-6.98158061827186	NA	NA	NA	NA	NA	-7.37875169675719	NA	NA	NA	NA	NA	-10.6355847634227	NA	NA	-10.5135942390441	-11.723047604673	NA	NA	NA	NA	NA	NA	NA	NA	NA	NA	-13.1380851039519	NA	-11.8161570090645	-7.99512715010981	-11.2636159860357	-13.1380851039519	NA	NA	-12.5531226032307	-12.5531226032307	NA	NA	NA	NA	NA	NA	NA	NA	-12.2636159860357	NA	NA	-13.1380851039519	-14.1380851039519	NA	NA	NA	NA	NA	NA	NA	NA	NA	NA	-12.2636159860357	NA	NA
VANB59	-0.234092350041638	NA	-2.76955288934522	-11.112960711643	NA	NA	NA	-12.4348888065304	NA	NA	NA	NA	NA	NA	-13.0198513072516	NA	NA	NA	NA	NA	NA	NA	-8.9754571878931	NA	NA	NA	NA	NA	NA	NA	NA	NA	-14.0198513072516	NA	NA	NA	NA	NA	NA	NA	NA	NA	NA	NA	NA	NA	-12.6979232123642	NA	-13.4348888065304	NA	NA	NA	NA	NA	NA	NA	NA	NA	NA	NA	NA	-13.4348888065304	NA	NA	NA	NA	NA	NA	NA	NA	NA	NA	NA	NA	NA	NA	NA	NA	NA
VANB8	-10.0996765548596	-9.77774845997228	-8.64024493622235	-7.85174904141606	-0.199564491882187	-5.72463712351272	-9.51471405413849	-8.64024493622235	NA	NA	-10.0996765548596	-11.0996765548596	-8.92975155341733	NA	-4.53743413063857	NA	NA	-9.51471405413849	NA	NA	-6.8142743359974	NA	NA	NA	NA	NA	NA	NA	NA	NA	NA	-7.09967655485964	-8.29232163280204	NA	NA	-9.51471405413849	NA	-8.39923683671855	NA	NA	NA	NA	NA	-9.09967655485964	NA	-8.09967655485964	NA	-9.77774845997228	-8.77774845997228	NA	NA	-9.29232163280204	-8.64024493622235	NA	NA	NA	NA	NA	NA	NA	NA	-10.5147140541385	NA	NA	NA	NA	NA	-11.0996765548596	NA	NA	-10.0996765548596	-9.51471405413849	NA	-9.51471405413849	-7.14548024447277	NA	-9.77774845997228	NA	NA
VANB9	-4.5417556853927	-0.182746054283222	-7.3465576160906	NA	-4.60175707526739	-7.23658477406546	-11.917306257592	NA	NA	-7.85502197933771	NA	-8.04476716677431	-15.0047690988424	-8.80509675400603	-11.1467881037148	NA	NA	NA	NA	-8.93867990838462	-10.5785043441403	-11.5453374802051	-9.71936687998014	NA	NA	NA	NA	NA	NA	-11.1467881037148	-10.1221260494805	-13.0047690988424	NA	NA	-12.4198065981212	NA	NA	NA	NA	-14.4198065981212	NA	NA	-12.0978785032339	NA	-11.8348440974001	-14.0047690988424	NA	NA	NA	-7.97686310227251	NA	NA	NA	NA	NA	NA	NA	NA	NA	NA	-12.0978785032339	NA	-11.4812071427854	NA	NA	NA	NA	NA	NA	NA	NA	NA	NA	NA	NA	NA	NA	NA	NA
