feature	Lactobacillus	Atopobium	Bifidobacterium	Gardnerella	Streptococcus	Prevotella	Anaeroglobus	Pseudomonas	HT002	Veillonellaceae_unclassified	Escherichia-Shigella	Dialister	Actinomyces	Finegoldia	Corynebacterium	Actinomycetaceae_unclassified	Lacticaseibacillus	Peptostreptococcus	Fenollaria	Anaerococcus	Prevotellaceae_unclassified	Peptoniphilus	Howardella	Limosilactobacillus	Prevotella_7	Veillonella	Actinobaculum	Aerococcus	Staphylococcus	Mobiluncus	Shuttleworthia	Alloscardovia	Corynebacteriaceae_unclassified	Caulobacter	Propionimicrobium	Campylobacter	DNF00809	Arcanobacterium	Ureaplasma	Porphyromonas	Actinotignum	Solobacterium	Parvimonas	Varibaculum	Microbacteriaceae_unclassified	Coriobacteriaceae UCG-002	Alkalibacterium	Enterococcus	Paracoccus	Stenotrophomonas	Faecalibacterium	Negativicoccus	Propionibacteriaceae_unclassified	Uruburuella	Pseudonocardiaceae_unclassified	Family XI_unclassified	Ezakiella	Murdochiella	Fusobacterium	Atopobiaceae_unclassified	Clostridium sensu stricto 1	Eggerthellaceae_unclassified	Cutibacterium	P5D1-392_unclassified	Sutterella	Brucella	Alloprevotella	Vibrio	Brevibacterium	Facklamia	Alcaligenes	Fastidiosipila	Gemella	Enhydrobacter	Pseudoalteromonas	Virgibacillus	S5-A14a	Achromobacter	Haemophilus	Lactobacillaceae_unclassified	Idiomarina	Catenococcus	Halomonas
VAN1	0.971614489931854	0.000512373827944869	0.000102474765588974	NA	NA	NA	NA	0.000307424296766921	NA	NA	0.00225444484295742	0.000256186913972434	NA	0.00081979812471179	0.00871035507506277	NA	NA	0.000204949531177947	NA	0.00097351027309525	NA	0.000512373827944869	NA	0.00537992519342112	NA	NA	NA	NA	0.000204949531177947	NA	NA	0.000461136445150382	0.00174207101501255	0.000409899062355895	NA	NA	NA	NA	NA	0.000204949531177947	NA	NA	NA	0.000307424296766921	NA	NA	0.00107598503868422	0.00112722242147871	0.000256186913972434	NA	NA	NA	0.000409899062355895	0.000614848593533842	NA	NA	NA	0.000153712148383461	NA	NA	NA	NA	NA	NA	NA	NA	NA	0.000461136445150382	0.000256186913972434	NA	NA	NA	NA	NA	NA	0.000256186913972434	NA	NA	NA	NA	NA	NA	0.000409899062355895
VAN10	0.82701270571854	0.077955481637626	0.000193389932120134	0.0773946508344776	0.00110232261308476	0.00179852636871724	NA	NA	NA	0.000309423891392214	NA	0.000541491809936375	NA	0.000464135837088321	0.000773559728480535	0.00175984838229322	0.000386779864240268	NA	NA	0.000290084898180201	0.00315225589355818	0.000425457850664294	0.000212728925332147	NA	0.00249473012434973	NA	NA	NA	NA	0.000618847782784428	NA	0.000889593687752616	0.00017405093890812	0.000193389932120134	NA	0.000135372952484094	NA	NA	NA	0.000154711945696107	0.000483474830300335	NA	NA	NA	0.000154711945696107	0.000290084898180201	9.66949660600669e-05	5.80169796360401e-05	9.66949660600669e-05	0.00011603395927208	NA	NA	NA	NA	NA	0.000232067918544161	NA	3.86779864240268e-05	NA	NA	NA	NA	NA	NA	NA	NA	NA	NA	NA	NA	NA	NA	NA	NA	NA	NA	NA	NA	NA	NA	NA	NA	NA
VAN11	0.000211558125595007	0.77370332498854	NA	NA	0.00786291033461444	0.0297591763336977	NA	NA	NA	0.0156905609816297	NA	0.0176651034871831	NA	0.000105779062797504	NA	0.0114593984697296	NA	NA	NA	7.05193751983357e-05	0.0513381051443884	0.00521843376467685	0.00119882937837171	NA	0.0712245689503191	0.000352596875991679	NA	NA	NA	NA	NA	0.0115651775325271	NA	NA	NA	NA	NA	NA	NA	NA	0.0019745425055534	NA	NA	0.000141038750396671	NA	0.000458375938789182	NA	NA	NA	NA	NA	NA	NA	NA	NA	NA	NA	NA	NA	NA	NA	NA	NA	NA	NA	NA	NA	NA	NA	NA	NA	NA	NA	NA	NA	NA	NA	NA	NA	NA	NA	NA	NA
VAN12	0.000246348759458033	0.102692240014077	0.000175963399612881	0.286046102410699	0.00186521203589653	0.367024458912546	NA	NA	NA	0.0123174379729016	NA	0.0547598099595284	NA	0.00221713883512229	0.000281541439380609	0.00404715819109625	NA	NA	NA	NA	0.122928030969558	0.00478620446947035	NA	NA	NA	NA	NA	0.0374098187576984	NA	NA	NA	NA	NA	NA	NA	NA	NA	NA	0.000140770719690304	NA	7.03853598451522e-05	NA	NA	NA	NA	NA	NA	NA	NA	NA	NA	NA	NA	NA	NA	NA	NA	NA	NA	NA	NA	NA	NA	NA	NA	NA	NA	NA	NA	NA	NA	0.00140770719690304	0.00158367059651592	NA	NA	NA	NA	NA	NA	NA	NA	NA	NA
VAN13	0.59698275862069	0.000621684350132626	0.316851790450928	NA	0.0162052387267905	NA	NA	0.000290119363395225	NA	NA	NA	NA	NA	0.00024867374005305	0.00368866047745358	NA	0.0613809681697613	NA	NA	NA	NA	NA	NA	NA	0.0003315649867374	NA	NA	NA	0.000994694960212202	NA	NA	NA	0.000621684350132626	0.000787466843501326	NA	NA	NA	NA	NA	NA	NA	NA	NA	NA	0.000373010610079576	NA	0.000290119363395225	0.0001657824933687	NA	0.0001657824933687	NA	NA	NA	NA	NA	NA	NA	NA	NA	NA	NA	NA	NA	NA	NA	NA	NA	NA	NA	NA	NA	NA	NA	NA	NA	NA	NA	NA	NA	NA	NA	NA	NA
VAN15	0.939000319122531	0.000118193530086163	0.0043495219071708	NA	NA	0.0233432221920172	0.000260025766189559	NA	NA	0.000283664472206791	NA	0.00186745777536138	0.000590967650430815	0.00260025766189559	0.000780077298568676	0.00089827082865484	NA	0.000981006299715153	NA	0.00416041225903294	0.00086281276962899	0.00226931577765433	0.000531870885387734	0.00555509591404967	NA	NA	NA	NA	0.00022456770716371	0.00132376753696503	NA	NA	0.000130012883094779	NA	0.000271845119198175	9.45548240689305e-05	NA	NA	NA	0.000508232179370501	NA	7.09161180516978e-05	NA	0.00390038649284338	NA	NA	NA	NA	NA	NA	8.27354710603142e-05	NA	NA	NA	0.000177290295129245	0.000791896651577293	NA	NA	0.000130012883094779	0.00234023189570603	NA	0.000130012883094779	NA	NA	0.000496412826361885	NA	NA	NA	NA	NA	NA	NA	NA	NA	NA	NA	0.000874632122637607	NA	NA	NA	NA	NA	NA
VAN17	0.827099622470241	NA	NA	0.165927423514121	NA	NA	NA	NA	0.0066841334351082	NA	NA	NA	NA	NA	0.0002475604975966	NA	NA	NA	NA	NA	NA	NA	NA	NA	NA	NA	NA	NA	4.12600829327667e-05	NA	NA	NA	NA	NA	NA	NA	NA	NA	NA	NA	NA	NA	NA	NA	NA	NA	NA	NA	NA	NA	NA	NA	NA	NA	NA	NA	NA	NA	NA	NA	NA	NA	NA	NA	NA	NA	NA	NA	NA	NA	NA	NA	NA	NA	NA	NA	NA	NA	NA	NA	NA	NA	NA
VAN2	0.948193440800445	0.0163424124513619	0.000500277932184547	0.0018899388549194	0.000333518621456365	0.00133407448582546	0.000111172873818788	0.000555864369093941	NA	0.000277932184546971	NA	0.000667037242912729	0.000166759310728182	NA	0.0207893274041134	0.000389105058365759	NA	NA	NA	0.000389105058365759	0.000778210116731518	0.000277932184546971	NA	0.000277932184546971	0.000389105058365759	NA	NA	NA	NA	NA	NA	0.000277932184546971	0.00111172873818788	0.000166759310728182	NA	0.000389105058365759	NA	0.000166759310728182	NA	NA	0.0009449694274597	NA	0.000444691495275153	NA	0.00111172873818788	NA	0.000166759310728182	NA	NA	NA	NA	NA	0.000444691495275153	NA	NA	NA	0.000333518621456365	NA	NA	NA	NA	NA	NA	NA	NA	0.000222345747637576	NA	0.000222345747637576	NA	NA	NA	0.000166759310728182	NA	NA	NA	NA	NA	NA	NA	0.000166759310728182	NA	NA	NA
VAN20	0.964296826384567	NA	NA	NA	NA	NA	NA	NA	0.035392034847542	NA	NA	NA	NA	NA	0.00015556938394524	NA	NA	NA	NA	NA	NA	NA	NA	NA	NA	NA	NA	NA	NA	NA	NA	0.00015556938394524	NA	NA	NA	NA	NA	NA	NA	NA	NA	NA	NA	NA	NA	NA	NA	NA	NA	NA	NA	NA	NA	NA	NA	NA	NA	NA	NA	NA	NA	NA	NA	NA	NA	NA	NA	NA	NA	NA	NA	NA	NA	NA	NA	NA	NA	NA	NA	NA	NA	NA	NA
VAN21	0.915990692212339	0.000717656525237588	0.000369701846334515	0.000565426353217493	0.000195724506882979	0.000239218841745863	NA	0.00145706021790662	0.0770937085444621	0.00010873583715721	0.000217471674314421	NA	6.52415022943262e-05	NA	0.00158754322249527	NA	NA	0.000152230172020094	NA	NA	NA	NA	NA	NA	6.52415022943262e-05	NA	NA	NA	NA	NA	NA	NA	0.000217471674314421	0.000195724506882979	NA	NA	NA	NA	NA	NA	4.34943348628841e-05	NA	NA	NA	NA	NA	NA	NA	6.52415022943262e-05	4.34943348628841e-05	NA	NA	NA	0.000130483004588652	NA	NA	NA	NA	NA	NA	NA	NA	NA	NA	NA	NA	NA	NA	NA	NA	NA	NA	NA	NA	NA	NA	NA	6.52415022943262e-05	NA	0.000413196181197399	NA	NA	NA
VAN22	0.00124152077298163	0.00197923601489825	0.000323874984256077	0.000143944437447145	0.073609586699534	0.0452345394677654	NA	0.524029724526333	NA	0.0026449790380913	0.0919804955287259	0.0152221242600356	0.0139266243230113	0.0126671104953488	0.075624808823794	0.00241106932723969	NA	0.029976429098368	0.0218795544919661	0.0163736797596128	0.00827680515321086	0.0171293880562103	0.00111556939021538	NA	NA	0.00246504849128237	0.00174532630404664	0.000179930546808932	0.000161937492128039	0.0195944365474927	NA	NA	NA	8.99652734044659e-05	0.00314878456915631	0.00777299962214585	NA	0.000197923601489825	NA	0.00367058315490221	0.00187127768681289	5.39791640426795e-05	NA	NA	NA	NA	NA	0.000161937492128039	NA	NA	0.000701729132554834	NA	NA	NA	NA	0.00125951382766252	7.19722187235727e-05	0.000305881929575184	0.000287888874894291	NA	NA	NA	NA	NA	NA	NA	NA	NA	NA	0.000467819421703223	NA	NA	NA	NA	NA	NA	NA	NA	NA	NA	NA	NA	NA
VAN25	0.0674032270884667	NA	0.00039742468802162	0.888138197811515	0.000158969875208648	0.0035238322337917	NA	0.000291444771215855	0.000105979916805765	0.00514002596507962	NA	0.000238454812812972	0.000476909625625944	0.000132474896007207	0.00635879500834592	7.9484937604324e-05	NA	NA	NA	0.00683570463397186	NA	0.00278197281615134	NA	NA	NA	NA	NA	0.000344434729618737	0.000688869459237474	0.000291444771215855	NA	NA	0.000741859417640357	0.000185464854410089	0.00185464854410089	0.000768354396841799	NA	NA	NA	0.0044246615266407	0.00238454812812972	NA	NA	NA	NA	NA	0.00039742468802162	0.000317939750417296	7.9484937604324e-05	0.000291444771215855	NA	0.00079484937604324	NA	0.000238454812812972	NA	0.000450414646424503	0.00264949792014413	NA	0.000211959833611531	NA	NA	NA	NA	NA	NA	NA	NA	0.000264949792014413	NA	0.000344434729618737	NA	NA	NA	NA	0.000211959833611531	NA	NA	NA	NA	NA	NA	NA	NA
VAN26	0.938741147922547	0.000668548506908335	0.00155994651611945	0.0325112662803942	0.000123805279057099	NA	NA	0.000222849502302778	0.0201802604863071	NA	7.42831674342594e-05	0.000198088446491358	0.000123805279057099	0.000643787451096915	0.00195612340910216	NA	NA	4.95221116228396e-05	9.90442232456792e-05	0.000792353785965434	NA	NA	NA	NA	NA	NA	NA	NA	NA	NA	NA	NA	0.000841875897588273	0.000148566334868519	NA	7.42831674342594e-05	NA	NA	NA	NA	NA	NA	NA	NA	NA	NA	0.000173327390679939	NA	NA	0.000247610558114198	NA	NA	NA	7.42831674342594e-05	0.000445699004605556	NA	4.95221116228396e-05	NA	NA	NA	NA	NA	NA	NA	NA	NA	NA	NA	NA	NA	NA	NA	NA	NA	NA	NA	NA	NA	NA	NA	NA	NA	NA
VAN27	0.015639961698053	NA	NA	NA	0.388445579316949	0.004149377593361	NA	0.021704436642196	0.000638365783593999	0.000957548675390999	NA	0.001595914458985	NA	0.021704436642196	0.291733163102458	0.001595914458985	NA	NA	NA	0.035429300989467	NA	0.011809766996489	NA	NA	NA	0.000957548675390999	NA	NA	0.00638365783593999	NA	NA	0.002234280242579	0.041812958825407	0.013405681455474	NA	NA	NA	NA	NA	0.001595914458985	NA	NA	NA	NA	0.002234280242579	NA	0.01915097350782	0.013405681455474	0.00638365783593999	0.00670284072773699	NA	NA	0.020108522183211	0.013724864347271	NA	NA	0.00957548675390999	NA	NA	NA	NA	0.000638365783593999	0.00606447494414299	NA	NA	0.004149377593361	NA	0.010533035429301	0.00670284072773699	NA	0.000638365783593999	NA	NA	0.00319182891797	0.003511011809767	0.002553463134376	NA	0.001276731567188	NA	NA	0.001595914458985	0.00319182891797	0.002872646026173
VAN28	0.966138539358723	NA	NA	NA	8.36085447932779e-05	0.000877889720329418	NA	0.000292629906776473	0.0198988336608001	NA	NA	0.000459846996363028	NA	0.000209021361983195	0.00597801095271937	NA	NA	NA	NA	0.000418042723966389	NA	0.000543455541156306	NA	NA	NA	NA	NA	NA	0.000501651268759667	NA	NA	NA	0.00175577944065884	0.000627064085949584	NA	0.000167217089586556	NA	NA	NA	NA	NA	NA	NA	NA	NA	NA	0.000209021361983195	8.36085447932779e-05	8.36085447932779e-05	NA	NA	NA	0.000125412817189917	0.000292629906776473	NA	0.000250825634379834	8.36085447932779e-05	NA	NA	NA	0.000919693992726057	NA	NA	NA	NA	NA	NA	NA	NA	NA	NA	NA	NA	NA	NA	NA	NA	NA	NA	NA	NA	NA	NA
VAN29	0.999854534875264	NA	NA	NA	NA	NA	NA	NA	NA	NA	NA	NA	NA	NA	NA	NA	NA	NA	NA	NA	NA	NA	NA	NA	NA	NA	NA	NA	NA	NA	NA	NA	NA	NA	NA	NA	NA	NA	NA	NA	NA	NA	NA	NA	NA	NA	NA	NA	NA	NA	NA	NA	NA	NA	NA	NA	NA	NA	NA	NA	NA	NA	NA	NA	NA	NA	NA	0.000145465124736344	NA	NA	NA	NA	NA	NA	NA	NA	NA	NA	NA	NA	NA	NA	NA
VAN3	0.000301807069830611	0.000565888255932395	0.985249179462029	NA	0.00496095371034066	0.000264081186101784	NA	3.77258837288263e-05	NA	0.00147130946542423	NA	NA	NA	0.000528162372203569	0.00135813181423775	NA	NA	NA	NA	0.00149017240728864	NA	0.000245218244237371	0.000433847662881503	NA	7.54517674576527e-05	0.000169766476779719	NA	NA	NA	NA	NA	0.000641340023390048	NA	0.000150903534915305	0.00041498472101709	NA	NA	NA	NA	0.000113177651186479	0.000226355302372958	NA	NA	0.000113177651186479	NA	NA	7.54517674576527e-05	0.000282944127966198	NA	NA	NA	NA	NA	9.43147093220659e-05	NA	NA	0.000301807069830611	NA	NA	NA	NA	NA	5.65888255932395e-05	NA	NA	NA	NA	0.000169766476779719	0.000113177651186479	NA	NA	NA	NA	9.43147093220659e-05	NA	NA	NA	NA	NA	NA	NA	NA	NA
VAN30	0.850324976787372	0.00693283813060972	0.00204271123491179	0.00210461157536366	0.00532342927886103	0.0112658619622408	0.000371402042711235	0.00024760136180749	NA	0.00123800680903745	NA	0.009223150727329	0.000309501702259362	0.00748994119467657	0.00284741566078613	0.00167130919220056	NA	0.000123800680903745	0.00142370783039307	0.0307025688641288	NA	0.0100897554936552	0.000866604766326215	NA	NA	NA	0.00643763540699474	0.00154750851129681	NA	0.00272361497988239	NA	0.000185701021355617	0.000866604766326215	0.0024760136180749	0.00334261838440111	0.00705663881151346	NA	0.000309501702259362	NA	0.00167130919220056	0.0119467657072114	NA	NA	0.000557103064066852	0.00105230578768183	NA	0.00049520272361498	NA	NA	0.000371402042711235	NA	0.000185701021355617	NA	NA	NA	0.00532342927886103	0.00588053234292789	0.000185701021355617	0.000680903744970597	NA	NA	NA	NA	NA	NA	0.000433302383163107	NA	NA	0.000185701021355617	0.000371402042711235	0.000123800680903745	0.00099040544722996	NA	NA	NA	NA	NA	NA	NA	NA	NA	NA	NA
VAN34	0.000286204922724671	0.0782770463651975	0.153215035298607	NA	0.114291165808052	0.0691661896584621	0.0709788208357184	NA	NA	0.0317210456019844	NA	0.153739744323602	0.115102079755772	NA	0.00228963938179737	9.54016409082236e-05	NA	0.0152642625453158	NA	NA	NA	0.0052470902499523	0.0044361763022324	NA	NA	0.126311772562488	NA	NA	NA	0.000477008204541118	NA	NA	0.000429307384087006	0.000667811486357565	NA	NA	0.00748902881129555	0.00467468040450296	NA	0.00448387712268651	0.00591490173630986	NA	0.0200820454111811	NA	0.000572409845449342	NA	0.000286204922724671	0.000286204922724671	NA	9.54016409082236e-05	NA	NA	NA	0.000286204922724671	NA	0.00181263117725625	NA	NA	0.00934936080900592	NA	NA	0.00186033199771036	0.000143102461362335	NA	NA	NA	NA	0.000238504102270559	0.000143102461362335	NA	NA	NA	NA	9.54016409082236e-05	0.000190803281816447	NA	NA	NA	NA	NA	NA	NA	NA
VAN35	0.997309076018603	0.000321740910819269	0.000233993389686741	0.000204744215975899	NA	NA	NA	NA	NA	0.000116996694843371	NA	NA	NA	NA	0.000614232647927696	NA	NA	NA	NA	NA	NA	0.000175495042265056	NA	0.000233993389686741	NA	NA	NA	NA	NA	NA	NA	NA	0.000263242563397584	0.000350990084530112	NA	NA	NA	NA	NA	NA	NA	NA	NA	NA	NA	NA	NA	0.000116996694843371	NA	NA	NA	NA	NA	NA	NA	NA	NA	NA	NA	NA	NA	NA	NA	NA	NA	NA	NA	NA	NA	NA	NA	NA	NA	NA	NA	NA	NA	NA	NA	NA	NA	5.84983474216853e-05	NA
VAN36	0.102418542156533	0.000235136042996305	0.00201545179711119	0.701444407121263	0.0118239838763856	0.0489418878065166	NA	0.000134363453140746	0.00144440712126302	0.0125629828686597	0.000167954316425932	0.000906953308700034	0.0027208599261001	0.00789385287201881	0.0122270742358079	0.00362781323480013	NA	NA	NA	0.0134699361773598	0.00241854215653342	0.010278804165267	NA	NA	NA	0.000100772589855559	0.00937185085656701	0.0054417198522002	NA	0.00369499496137051	NA	NA	0.0135035270406449	0.000571044675848169	0.0109170305676856	0.00483708431306685	NA	0.000100772589855559	NA	0.00359422237151495	0.00275445078938529	NA	NA	0.00225058784010749	0.000369499496137051	NA	0.000369499496137051	NA	0.000235136042996305	0.000167954316425932	NA	0.00218340611353712	0.000503862949277796	0.000134363453140746	0.000906953308700034	0.000369499496137051	0.0012428619415519	6.71817265703729e-05	NA	NA	NA	NA	NA	NA	NA	NA	NA	NA	NA	0.000335908632851864	NA	0.00107490762512597	NA	NA	NA	NA	NA	NA	NA	NA	0.000167954316425932	NA	NA
VAN37	0.996985597856425	0.000334933571508317	NA	NA	NA	NA	NA	0.000446578095344423	0.000334933571508317	NA	NA	NA	NA	NA	0.000893156190688847	NA	NA	NA	NA	NA	NA	0.000446578095344423	NA	NA	NA	NA	NA	NA	NA	NA	NA	NA	0.000223289047672212	NA	NA	NA	NA	NA	NA	NA	NA	NA	NA	NA	NA	NA	NA	NA	NA	0.000334933571508317	NA	NA	NA	NA	NA	NA	NA	NA	NA	NA	NA	NA	NA	NA	NA	NA	NA	NA	NA	NA	NA	NA	NA	NA	NA	NA	NA	NA	NA	NA	NA	NA	NA
VAN39	0.992110708742887	NA	NA	NA	0.000258665287118469	NA	NA	NA	NA	NA	NA	NA	NA	NA	0.00232798758406622	NA	NA	NA	NA	NA	NA	NA	NA	0.00310398344542162	NA	NA	NA	NA	NA	NA	NA	NA	0.00103466114847387	NA	NA	NA	NA	NA	NA	NA	NA	NA	NA	NA	NA	NA	0.000258665287118469	NA	NA	0.000258665287118469	NA	NA	NA	NA	NA	NA	NA	NA	NA	NA	NA	NA	NA	NA	NA	NA	NA	0.000387997930677703	0.000258665287118469	NA	NA	NA	NA	NA	NA	NA	NA	NA	NA	NA	NA	NA	NA
VAN4	0.0176815286624204	0.366063694267516	0.000764331210191083	0.337070063694268	0.000662420382165605	0.100993630573248	NA	NA	NA	0.0559490445859873	NA	0.0212484076433121	NA	0.000611464968152866	0.00107006369426752	0.088968152866242	NA	0.00101910828025478	NA	0.000407643312101911	0.000101910828025478	0.000152866242038217	0.00438216560509554	NA	NA	NA	NA	NA	NA	NA	NA	NA	NA	NA	NA	0.000101910828025478	0.00178343949044586	NA	NA	0.000101910828025478	0.000764331210191083	NA	NA	NA	NA	NA	NA	NA	NA	NA	NA	NA	NA	NA	NA	NA	NA	NA	NA	NA	NA	NA	NA	NA	NA	NA	NA	NA	NA	NA	NA	NA	NA	NA	NA	NA	NA	NA	NA	NA	0.000101910828025478	NA	NA
VAN40	0.321326277974659	0.0221369969415991	0.000291276275547357	NA	0.000825282780717511	0.160590319918443	NA	NA	NA	0.00582552551094713	NA	0.107189669401427	0.00422350599543667	0.00427205204136123	0.000485460459245594	0.000242730229622797	NA	0.00140783533181222	0.111364629350939	0.0573328802369047	0.0701004903150638	0.0284479829117918	0.000485460459245594	NA	NA	NA	NA	NA	NA	0.0103888538278557	NA	NA	NA	NA	NA	0.00990339336861013	0.000339822321471916	0.000339822321471916	NA	0.0335453177338706	NA	0.0280110684984708	0.00223311811252973	NA	NA	NA	NA	NA	NA	9.70920918491189e-05	NA	0.000194184183698238	NA	NA	NA	0.0015534734695859	0.00160201951551046	0.00810718966940143	0.000728190688868392	0.00567988737317345	NA	NA	NA	NA	0.000145638137773678	NA	NA	NA	NA	NA	NA	NA	NA	NA	NA	NA	0.000582552551094713	NA	NA	NA	NA	NA	NA
VAN47	0.917742164232024	0.000354559636930932	NA	NA	0.00198553396681322	0.00191462203942703	NA	NA	NA	0.000141823854772373	NA	NA	NA	0.00212735782158559	0.0010636789107928	NA	0.0632534392284782	NA	NA	NA	NA	NA	0.000212735782158559	NA	NA	NA	NA	NA	NA	NA	NA	0.0109913487448589	NA	NA	NA	NA	NA	NA	NA	NA	NA	NA	NA	NA	NA	NA	NA	0.000212735782158559	NA	NA	NA	NA	NA	NA	NA	NA	NA	NA	NA	NA	NA	NA	NA	NA	NA	NA	NA	NA	NA	NA	NA	NA	NA	NA	NA	NA	NA	NA	NA	NA	NA	NA	NA
VAN48	0.0398869238459682	0.122866894197952	0.000413693246457752	0.824007998069431	0.000137897748819251	0.00131002861378288	NA	NA	0.000137897748819251	0.000827386492915503	NA	0.000310269934843314	NA	0.000172372186024063	0.000551590995277002	NA	0.0059985520736374	NA	NA	NA	NA	NA	NA	NA	NA	NA	NA	0.000344744372048126	NA	0.000620539869686627	NA	NA	0.000275795497638501	0.000172372186024063	NA	NA	NA	NA	NA	NA	NA	NA	0.000620539869686627	NA	NA	0.00113765642775882	NA	NA	0.000103423311614438	NA	NA	NA	NA	NA	NA	NA	NA	NA	NA	NA	NA	NA	NA	NA	NA	NA	NA	NA	NA	NA	NA	0.000103423311614438	NA	NA	NA	NA	NA	NA	NA	NA	NA	NA	NA
VAN5	0.542919288433155	NA	0.215489784820943	NA	0.0559310184106269	NA	NA	NA	NA	0.0237706828245164	NA	NA	0.000543773790103317	0.000466091820088557	0.0114192495921697	NA	NA	NA	NA	0.00372873456070846	NA	0.00170900334032471	NA	NA	NA	NA	NA	NA	0.141148139516818	NA	NA	NA	0.000388409850073798	NA	NA	NA	NA	NA	NA	NA	NA	NA	NA	NA	0.000233045910044279	NA	0.000155363940029519	0.000310727880059038	NA	0.000155363940029519	NA	NA	NA	0.000233045910044279	NA	NA	NA	NA	NA	NA	NA	NA	NA	NA	NA	NA	NA	NA	NA	0.00124291152023615	NA	NA	NA	NA	NA	NA	NA	NA	NA	0.000155363940029519	NA	NA	NA
VAN51	0.945783611774065	NA	0.000596658711217184	0.000119331742243437	0.0415672235481305	NA	NA	NA	NA	0.00306284805091488	NA	NA	NA	NA	0.00314240254574383	NA	NA	NA	NA	NA	NA	NA	NA	0.00389817024661893	NA	NA	NA	NA	NA	NA	NA	NA	0.000676213206046142	7.95544948289578e-05	NA	NA	NA	NA	NA	NA	NA	NA	NA	NA	0.000238663484486874	NA	0.000159108989657916	NA	NA	NA	NA	NA	NA	0.000119331742243437	NA	NA	NA	NA	NA	NA	NA	NA	NA	NA	NA	NA	NA	0.000198886237072395	0.000159108989657916	NA	NA	NA	NA	NA	0.000198886237072395	NA	NA	NA	NA	NA	NA	NA	NA
VAN53	0.908278238197225	NA	NA	0.00521463823447248	0.058850917217618	0.00568023093397896	NA	0.000558711239407766	NA	0.00297979327684142	NA	0.000838066859111649	NA	0.00121054101871683	0.00744948319210355	NA	NA	NA	NA	0.000279355619703883	0.00279355619703883	NA	NA	NA	NA	NA	NA	NA	NA	NA	NA	NA	0.00111742247881553	0.000186237079802589	NA	NA	NA	NA	NA	NA	NA	NA	NA	NA	NA	NA	0.00102430393891424	0.000279355619703883	0.000279355619703883	NA	NA	NA	0.000838066859111649	0.000558711239407766	0.00065182977930906	NA	NA	NA	NA	NA	NA	NA	0.000279355619703883	NA	NA	NA	NA	0.000279355619703883	NA	NA	NA	NA	NA	NA	NA	NA	NA	NA	0.000372474159605177	NA	NA	NA	NA
VAN56	0.980724056929667	0.00096725162360094	NA	0.00460596011238543	0.000253327806181198	0.000990281424162867	NA	NA	NA	NA	NA	0.00122057942978214	NA	0.00101331122472479	0.00324720187923173	9.21192022477085e-05	NA	NA	NA	0.000230298005619271	NA	0.000184238404495417	NA	9.21192022477085e-05	NA	NA	NA	NA	0.000759983418543595	NA	NA	NA	0.000253327806181198	0.00016120860393349	NA	NA	9.21192022477085e-05	NA	0.00446778130901386	NA	NA	NA	NA	NA	NA	NA	NA	NA	6.90894016857814e-05	NA	6.90894016857814e-05	NA	NA	NA	NA	NA	NA	NA	0.000184238404495417	NA	NA	NA	0.000138178803371563	NA	0.000138178803371563	NA	NA	NA	NA	NA	NA	NA	NA	NA	NA	NA	NA	NA	NA	NA	4.60596011238543e-05	NA	NA
VAN59	0.670967404931049	NA	0.316548265775178	0.00120142081069787	NA	NA	NA	0.000261178437108232	NA	NA	NA	NA	NA	NA	0.00266402005850397	NA	NA	NA	NA	NA	NA	NA	NA	0.00480568324279148	NA	NA	NA	NA	NA	NA	NA	NA	0.000574592561638111	0.000208942749686586	NA	NA	NA	NA	NA	NA	NA	NA	NA	NA	0.000313414124529879	NA	0.000313414124529879	0.000417885499373172	0.000156707062264939	NA	NA	NA	NA	0.000417885499373172	NA	NA	NA	NA	NA	NA	NA	NA	0.000470121186794818	NA	NA	NA	NA	NA	NA	NA	NA	NA	NA	0.000313414124529879	NA	0.000208942749686586	NA	NA	NA	NA	0.000156707062264939	NA	NA
VAN8	0.00224258970358814	NA	NA	0.000585023400936037	0.0918486739469579	0.00214508580343214	NA	0.00146255850234009	NA	NA	0.80323712948518	NA	NA	0.0248634945397816	0.0414391575663027	NA	NA	NA	NA	NA	NA	NA	NA	NA	NA	NA	NA	NA	0.000487519500780031	NA	NA	NA	0.00809282371294852	0.000487519500780031	NA	NA	NA	NA	NA	NA	NA	NA	NA	NA	0.00107254290171607	NA	0.00741029641185647	0.00273010920436817	NA	0.00078003120124805	NA	NA	0.00234009360374415	0.00165756630265211	NA	NA	NA	NA	NA	NA	NA	NA	0.000292511700468019	NA	NA	NA	NA	0.00273010920436817	0.00117004680187207	NA	0.000292511700468019	NA	NA	0.000585023400936037	0.000682527301092044	NA	NA	NA	0.000682527301092044	NA	NA	NA	0.000682527301092044
VAN9	0.00531221326121601	0.790565992176559	0.168542038924035	NA	0.00169024967402328	0.00433428309267397	0.000156951755445019	NA	NA	0.0143067561694113	NA	0.00179890858163906	NA	0.000591587385908147	0.00217317815231564	NA	NA	0.000108658907615782	0.000639880233737384	0.00165403003815135	NA	0.000700246293523929	0.00247500845124837	NA	NA	NA	NA	NA	0.000144878543487709	0.000458782054377747	NA	0.00107451586420051	NA	NA	NA	0.000156951755445019	NA	9.6585695658473e-05	NA	0.000531221326121601	NA	2.41464239146182e-05	0.000156951755445019	0.00126768725551746	NA	0.000603660597865456	NA	NA	NA	NA	NA	NA	NA	NA	7.24392717438547e-05	0.000108658907615782	4.82928478292365e-05	8.45124837011639e-05	2.41464239146182e-05	NA	NA	NA	NA	NA	NA	NA	NA	NA	NA	NA	NA	NA	NA	NA	NA	NA	9.6585695658473e-05	NA	NA	NA	NA	NA	NA
VANB1	0.995037007779362	0.000927341106970514	0.000566708454259759	0.0010132060242826	0.00066974635503426	NA	NA	0.000188902818086586	5.15189503872508e-05	NA	5.15189503872508e-05	5.15189503872508e-05	NA	5.15189503872508e-05	0.000875822156583263	NA	NA	NA	NA	0.000120210884236918	NA	0.000103037900774502	NA	NA	NA	NA	NA	NA	0.000188902818086586	NA	NA	NA	NA	5.15189503872508e-05	NA	NA	NA	NA	NA	NA	NA	NA	NA	NA	5.15189503872508e-05	NA	NA	NA	NA	NA	NA	NA	NA	NA	NA	NA	NA	NA	NA	NA	NA	NA	NA	NA	NA	NA	NA	NA	NA	NA	NA	NA	NA	NA	NA	NA	NA	NA	NA	NA	NA	NA	NA
VANB10	0.237174427782163	0.0128255722178374	0.00177584846093133	0.164759273875296	0.0294001578531965	0.0483425414364641	0.0256511444356748	0.0015785319652723	NA	NA	NA	0.0631412786108919	0.00118389897395422	0.00789265982636148	0.0558405682715075	0.000394632991318074	NA	0.00493291239147593	0.103196527229676	0.010457774269929	0.0134175217048145	0.0280189423835833	0.00118389897395422	NA	NA	NA	NA	NA	NA	0.0368981846882399	NA	0.00670876085240726	0.00808997632202052	0.00434096290449882	NA	0.0142067876874507	NA	NA	NA	0.0345303867403315	0.00138121546961326	NA	0.00552486187845304	0.00276243093922652	0.00276243093922652	NA	0.00295974743488556	0.00414364640883978	0.00256511444356748	0.000986582478295186	NA	NA	0.0037490134175217	0.00414364640883978	0.00315706393054459	0.0163772691397001	0.00197316495659037	0.00572217837411208	0.00177584846093133	0.00197316495659037	NA	0.00177584846093133	0.00651144435674822	NA	0.000591949486977111	0.00217048145224941	NA	0.00276243093922652	0.0015785319652723	NA	0.000394632991318074	NA	NA	0.000591949486977111	NA	0.000789265982636148	0.00197316495659037	0.000591949486977111	NA	NA	0.000789265982636148	0.0015785319652723	NA
VANB11	0.0809971675502941	0.907355290870797	0.000617328782046626	0.000172488924395381	3.63134577674486e-05	NA	NA	NA	NA	0.00895126733967608	NA	NA	NA	NA	6.35485510930351e-05	NA	NA	NA	NA	NA	NA	NA	0.0012709710218607	NA	NA	NA	NA	NA	6.35485510930351e-05	NA	NA	NA	NA	NA	NA	NA	NA	NA	NA	NA	NA	NA	NA	NA	NA	0.000472074950976832	NA	NA	NA	NA	NA	NA	NA	NA	NA	NA	NA	NA	NA	NA	NA	NA	NA	NA	NA	NA	NA	NA	NA	NA	NA	NA	NA	NA	NA	NA	NA	NA	NA	NA	NA	NA	NA
VANB12	0.000464590463506419	0.492016787202081	NA	0.498149381320366	0.000216808882969662	NA	NA	7.74317439177365e-05	NA	NA	NA	NA	NA	4.64590463506419e-05	0.00178093011010794	NA	NA	NA	NA	NA	NA	NA	NA	NA	NA	NA	NA	NA	NA	NA	NA	NA	0.000263267929320304	4.64590463506419e-05	NA	NA	NA	NA	0.00583835349139733	NA	NA	NA	NA	NA	NA	0.000154863487835473	7.74317439177365e-05	0.000154863487835473	NA	0.00017034983661902	NA	NA	0.000263267929320304	9.29180927012838e-05	NA	NA	NA	NA	NA	NA	NA	NA	NA	NA	NA	4.64590463506419e-05	NA	0.000139377139051926	NA	NA	NA	NA	NA	NA	NA	NA	NA	NA	NA	NA	NA	NA	NA
VANB13	0.5003663003663	NA	0.364194139194139	0.000228937728937729	0.0653846153846154	NA	NA	0.000274725274725275	NA	NA	0.000183150183150183	NA	NA	0.00086996336996337	0.000915750915750916	NA	0.0662545787545788	0.000137362637362637	NA	NA	NA	0.000183150183150183	NA	NA	0.000183150183150183	NA	NA	NA	NA	NA	NA	NA	0.00032051282051282	NA	NA	NA	NA	NA	NA	NA	NA	NA	NA	NA	NA	NA	NA	0.000183150183150183	NA	NA	NA	NA	NA	NA	NA	NA	NA	NA	NA	NA	NA	NA	0.000183150183150183	NA	NA	NA	NA	NA	NA	NA	NA	NA	NA	NA	NA	0.000137362637362637	NA	NA	NA	NA	NA	NA	NA
VANB15	0.916622184263905	0.000427031066510089	0.0086473790968293	NA	0.00886089463008434	0.0163339382940109	0.000587167716451372	0.00048040994982385	NA	NA	NA	0.00752642254724031	0.000587167716451372	0.0031493541155119	0.00395003736521832	NA	NA	NA	NA	0.00491085726486602	0.00304259634888438	0.00112095654958898	NA	0.00811359026369168	NA	0.00133447208284403	NA	NA	0.000106757766627522	NA	NA	NA	0.000266894416568805	0.000106757766627522	NA	NA	NA	NA	NA	NA	NA	0.000373652183196328	NA	0.00469734173161097	NA	NA	0.000160136649941283	0.000693925483078894	NA	NA	0.000800683249706416	NA	0.000266894416568805	NA	NA	0.000640546599765133	NA	NA	NA	0.00128109319953027	NA	NA	NA	NA	0.00427031066510089	NA	NA	NA	NA	NA	NA	NA	NA	NA	NA	0.000160136649941283	0.00048040994982385	NA	NA	NA	NA	NA	NA
VANB17	0.0692721055202736	NA	NA	0.898778700537372	0.000293111871030777	NA	NA	0.000195407914020518	0.0223253541768442	NA	0.000195407914020518	NA	NA	NA	0.00410356619443087	NA	NA	NA	NA	NA	NA	NA	NA	NA	NA	NA	NA	NA	NA	NA	NA	NA	0.000537371763556424	0.000195407914020518	NA	NA	NA	NA	0.00244259892525647	NA	NA	NA	NA	NA	NA	NA	0.000341963849535906	0.000390815828041036	0.000195407914020518	NA	NA	NA	0.000293111871030777	0.000244259892525647	NA	NA	NA	NA	NA	NA	NA	NA	NA	NA	NA	NA	NA	0.000195407914020518	NA	NA	NA	NA	NA	NA	NA	NA	NA	NA	NA	NA	NA	NA	NA
VANB2	0.976930153563088	0.000743047201188875	0.00237067440379308	0.00176916000283066	0.000283065600452905	0.000212299200339679	NA	0.000353832000566131	NA	0.000247682400396292	NA	0.000176916000283066	7.07664001132262e-05	NA	0.00909348241454957	NA	NA	NA	NA	0.000212299200339679	NA	NA	NA	0.000176916000283066	NA	NA	NA	NA	NA	NA	NA	NA	0.0021583752034534	0.000247682400396292	NA	NA	NA	NA	NA	NA	NA	NA	NA	NA	NA	NA	0.000636897601019036	0.000672280801075649	0.000212299200339679	0.000141532800226452	NA	NA	0.000672280801075649	0.000672280801075649	NA	NA	NA	NA	NA	NA	NA	NA	0.000955346401528554	NA	NA	NA	NA	0.000389215200622744	NA	NA	NA	NA	NA	NA	NA	0.000389215200622744	NA	0.000106149600169839	NA	NA	0.000106149600169839	NA	NA
VANB20	0.996293315775355	0.000243860804252932	0.000268246884678226	9.7544321701173e-05	NA	NA	NA	7.31582412758797e-05	0.00134123442339113	NA	NA	NA	NA	NA	0.00124369010168996	NA	NA	NA	NA	NA	NA	NA	NA	NA	NA	NA	NA	NA	NA	NA	NA	NA	0.000268246884678226	NA	NA	NA	NA	NA	NA	NA	NA	NA	NA	NA	NA	NA	NA	NA	0.000170702562977053	NA	NA	NA	NA	NA	NA	NA	NA	NA	NA	NA	NA	NA	NA	NA	NA	NA	NA	NA	NA	NA	NA	NA	NA	NA	NA	NA	NA	NA	NA	NA	NA	NA	NA
VANB21	0.639325504366155	0.00499849442938874	0.000542005420054201	0.00210779885576634	0.000542005420054201	NA	NA	0.000301114122252334	0.338151159289371	NA	0.0001806684733514	NA	NA	0.000421559771153267	0.00644384221619994	0.000542005420054201	NA	NA	NA	NA	0.000963565191207468	NA	NA	NA	NA	NA	NA	NA	NA	NA	NA	NA	0.00138512496236073	0.000602228244504667	NA	NA	0.0003613369467028	NA	NA	NA	NA	NA	NA	NA	NA	NA	0.000301114122252334	0.0003613369467028	0.000120445648900933	0.000301114122252334	NA	NA	0.000602228244504667	0.0001806684733514	NA	NA	NA	NA	NA	NA	NA	NA	NA	NA	NA	NA	NA	0.0003613369467028	NA	NA	NA	0.000782896717856067	NA	NA	NA	NA	NA	0.000120445648900933	NA	NA	NA	NA	NA
VANB22	0.968582761443052	0.000818485172826292	NA	0.000629603979097148	0.000440722785368004	0.00100736636655544	NA	0.000503683183277718	NA	NA	NA	0.00232953472265945	0.000188881193729144	0.0012592079581943	0.00365170307876346	0.000188881193729144	NA	0.000566643581187433	0.00497387143486747	0.00251841591638859	0.00239249512056916	0.00245545551847888	NA	NA	NA	NA	0.000188881193729144	0.00012592079581943	0.000188881193729144	0.00277025750802745	NA	NA	NA	0.000188881193729144	0.000944405968645722	0.00012592079581943	NA	NA	NA	0.000377762387458289	0.000188881193729144	NA	NA	0.000566643581187433	NA	NA	0.000377762387458289	0.00012592079581943	0.000314801989548574	NA	NA	NA	NA	0.000188881193729144	NA	NA	NA	0.000251841591638859	NA	NA	NA	NA	NA	NA	NA	NA	NA	NA	NA	0.000566643581187433	NA	NA	NA	NA	NA	NA	NA	NA	NA	NA	NA	NA	NA
VANB25	0.117189416506045	0.000245312773786578	NA	0.87888557911337	7.00893639390223e-05	NA	7.00893639390223e-05	0.000105134045908533	NA	NA	NA	NA	NA	0.000385491501664622	0.000700893639390223	NA	NA	NA	NA	NA	NA	NA	NA	NA	NA	NA	NA	NA	0.00234799369195725	NA	NA	NA	NA	NA	NA	NA	NA	NA	NA	NA	NA	NA	NA	NA	NA	NA	NA	NA	NA	NA	NA	NA	NA	NA	NA	NA	NA	NA	NA	NA	NA	NA	NA	NA	NA	NA	NA	NA	NA	NA	NA	NA	NA	NA	NA	NA	NA	NA	NA	NA	NA	NA	NA
VANB26	0.955083491862186	NA	NA	0.000317057704502219	0.000528429507503699	NA	NA	0.000634115409004439	0.0113083914605792	NA	0.000634115409004439	0.00169097442401184	0.000317057704502219	0.000422743606002959	0.0198689494821391	0.000422743606002959	NA	NA	NA	0.00200803212851406	NA	NA	NA	NA	NA	NA	NA	NA	0.00200803212851406	NA	NA	NA	0.00221940393151554	0.000422743606002959	NA	NA	NA	NA	NA	NA	NA	NA	NA	0.000317057704502219	NA	NA	NA	0.000317057704502219	NA	NA	NA	NA	NA	NA	NA	NA	0.000634115409004439	NA	NA	NA	NA	NA	NA	NA	NA	NA	NA	NA	0.000634115409004439	NA	NA	NA	NA	NA	NA	0.00021137180300148	NA	NA	NA	NA	NA	NA	NA
VANB27	0.000674536256323777	0.000463743676222597	NA	0.000337268128161889	0.99814502529511	NA	NA	NA	NA	NA	NA	NA	NA	NA	0.00021079258010118	0.000168634064080944	NA	NA	NA	NA	NA	NA	NA	NA	NA	NA	NA	NA	NA	NA	NA	NA	NA	NA	NA	NA	NA	NA	NA	NA	NA	NA	NA	NA	NA	NA	NA	NA	NA	NA	NA	NA	NA	NA	NA	NA	NA	NA	NA	NA	NA	NA	NA	NA	NA	NA	NA	NA	NA	NA	NA	NA	NA	NA	NA	NA	NA	NA	NA	NA	NA	NA	NA
VANB28	0.98580121703854	0.000629502692872631	NA	0.000279778974610058	0.000279778974610058	NA	NA	0.00076939218017766	NA	NA	NA	NA	NA	NA	0.0076939218017766	NA	NA	NA	NA	NA	NA	NA	NA	NA	NA	NA	NA	NA	NA	NA	NA	NA	0.000839336923830174	0.000139889487305029	NA	NA	NA	NA	NA	NA	NA	NA	NA	NA	NA	NA	0.000699447436525145	0.000489613205567602	NA	NA	NA	NA	0.000629502692872631	0.000209834230957544	NA	NA	NA	NA	NA	NA	0.00076939218017766	NA	0.000139889487305029	NA	NA	NA	NA	NA	NA	NA	NA	NA	NA	NA	0.000279778974610058	NA	NA	NA	NA	NA	NA	0.000349723718262573	NA
VANB29	0.999191861570641	0.000427837992013691	NA	0.000285225328009127	NA	NA	NA	NA	NA	NA	NA	NA	NA	NA	NA	NA	NA	NA	NA	NA	NA	NA	NA	NA	NA	NA	NA	NA	NA	NA	NA	NA	NA	NA	NA	NA	NA	NA	NA	NA	NA	NA	NA	NA	NA	NA	NA	NA	9.50751093363757e-05	NA	NA	NA	NA	NA	NA	NA	NA	NA	NA	NA	NA	NA	NA	NA	NA	NA	NA	NA	NA	NA	NA	NA	NA	NA	NA	NA	NA	NA	NA	NA	NA	NA	NA
VANB3	0.00271505813009073	0.00656719188731348	0.962228977637513	0.000348084375652658	0.00972315689323092	0.000255261875478616	NA	NA	3.86760417391842e-05	0.00494279813426775	NA	0.000734844793044501	NA	0.00119895729391471	0.000549199792696416	0.000502788542609395	NA	NA	NA	0.0058555527193125	0.000216585833739432	0.000603346251131274	0.00119122208556687	NA	0.0001469689586089	NA	NA	NA	0.000108292916869716	3.09408333913474e-05	NA	0.00116028125217553	NA	NA	0.00012376333356539	NA	NA	NA	NA	NA	0.000363554792348332	0.000224321042087269	NA	NA	NA	NA	NA	6.18816667826948e-05	NA	NA	NA	NA	NA	NA	NA	6.18816667826948e-05	NA	NA	4.64112500870211e-05	NA	NA	NA	NA	NA	NA	NA	NA	NA	NA	NA	NA	NA	NA	NA	NA	NA	NA	NA	NA	NA	NA	NA	NA
VANB30	0.90390080082666	0.00361663652802893	0.0014854042882976	0.00103332472229398	0.0102686644277964	0.00264789460087833	NA	NA	NA	0.000774993541720486	NA	0.00600619994833376	NA	0.00781451821234823	0.0116249031258073	0.000904159132007233	NA	NA	0.00083957633686386	0.0081374321880651	0.000322913975716869	0.00200206664944459	0.00309997416688194	NA	NA	0.00858951175406872	0.0012270731077241	0.000322913975716869	NA	0.000258331180573495	NA	0.00904159132007233	0.0029708085765952	NA	0.00116249031258073	0.00161456987858435	NA	NA	NA	0.000904159132007233	0.00154998708344097	NA	NA	NA	0.000258331180573495	NA	0.000193748385430121	0.000129165590286748	0.000387496770860243	NA	NA	NA	NA	0.000193748385430121	0.000774993541720486	0.00109790751743735	0.00135623869801085	0.000193748385430121	0.000193748385430121	NA	0.000193748385430121	NA	NA	NA	NA	NA	NA	NA	0.00116249031258073	0.00103332472229398	NA	0.000452079566003617	NA	NA	NA	NA	NA	0.000258331180573495	NA	NA	NA	NA	NA
VANB34	0.000274026657313223	0.02838916169765	0.345975096457383	0.000153454928095405	0.0542353560154332	0.18654638723255	0.162760873377762	NA	NA	0.00932786741494213	NA	0.0578415468256752	0.0320282357067696	0.0097334268677657	NA	0.0538955629603648	NA	0.0222619256401263	NA	0.00192914766748509	0.00225797965626096	0.0111802876183795	0.00254296737986671	NA	NA	0.000537092248333918	NA	NA	NA	NA	NA	NA	NA	NA	NA	NA	0.00837425464749211	0.00839617678007717	NA	NA	NA	NA	NA	NA	NA	NA	NA	NA	NA	NA	NA	NA	NA	NA	NA	NA	NA	NA	NA	0.000153454928095405	NA	0.00120571729217818	NA	NA	NA	NA	NA	NA	NA	NA	NA	NA	NA	NA	NA	NA	NA	NA	NA	NA	NA	NA	NA
VANB35	0.997762965668371	NA	0.000319576333089847	0.000365230094959825	NA	9.13075237399562e-05	NA	NA	NA	NA	NA	NA	NA	NA	9.13075237399562e-05	NA	NA	NA	NA	NA	NA	NA	NA	0.00136961285609934	NA	NA	NA	NA	NA	NA	NA	NA	NA	NA	NA	NA	NA	NA	NA	NA	NA	NA	NA	NA	NA	NA	NA	NA	NA	NA	NA	NA	NA	NA	NA	NA	NA	NA	NA	NA	NA	NA	NA	NA	NA	NA	NA	NA	NA	NA	NA	NA	NA	NA	NA	NA	NA	NA	NA	NA	NA	NA	NA
VANB36	0.0300866258187196	NA	0.00253538981618424	0.588971054299599	0.0458482991759983	0.134840481724065	0.00042256496936404	NA	NA	0.0227339953517853	0.000591590957109656	0.00359180223959434	0.00160574688358335	0.00612719205577858	0.00401436720895838	0.0114092541728291	NA	NA	NA	0.0148320304246778	0.0123811536023664	0.014536234946123	NA	NA	NA	0.00325375026410311	0.0125924360870484	0.00261990281005705	NA	0.00359180223959434	NA	NA	0.00371857173040355	0.000169025987745616	0.0111979716881471	0.0103950982463554	NA	0.000971899429537291	NA	0.0198605535601099	0.016944855271498	NA	NA	0.00118318191421931	NA	NA	0.000126769490809212	0.00021128248468202	NA	8.45129938728079e-05	NA	0.00874709486583562	NA	8.45129938728079e-05	NA	0.00143672089583773	0.00443693217832242	NA	NA	0.000338051975491232	NA	NA	NA	NA	0.000169025987745616	NA	NA	NA	0.00042256496936404	NA	NA	0.00261990281005705	NA	NA	NA	NA	NA	0.000126769490809212	NA	NA	0.000169025987745616	NA	NA
VANB37	0.992180438484014	0.000441426859773401	NA	0.00235427658545814	NA	0.000252243919870515	NA	0.000357345553149896	0.000273264246526391	NA	NA	6.30609799676287e-05	NA	0.00016816261324701	0.00189182939902886	0.000231223593214639	NA	NA	NA	NA	NA	NA	NA	NA	NA	NA	NA	NA	0.00016816261324701	0.000147142286591134	NA	NA	0.000315304899838143	NA	NA	NA	0.000105101633279381	NA	8.40813066235049e-05	NA	NA	NA	NA	NA	NA	NA	0.000273264246526391	0.000210203266558762	0.00016816261324701	NA	NA	NA	NA	0.000126121959935257	NA	NA	NA	NA	NA	NA	NA	NA	4.20406533117525e-05	NA	NA	NA	NA	0.000147142286591134	NA	NA	NA	NA	NA	NA	NA	NA	NA	NA	NA	NA	NA	NA	NA
VANB39	0.944988244326088	0.0163139964493067	0.000503814596228588	0.00067175279497145	0.00184732018617149	0.00191929369991843	NA	0.000263902883738784	NA	0.00211122306991027	NA	NA	0.000215920541240823	0.000239911712489804	0.0101962477808167	0.0065975720934696	NA	0.0011035938774531	NA	0.000119955856244902	NA	NA	0.000767717479967372	0.00328679046111031	NA	NA	NA	NA	NA	0.000119955856244902	NA	NA	0.00194328487116741	0.000167938198742863	NA	7.19735137469411e-05	NA	NA	NA	NA	NA	NA	NA	NA	NA	NA	0.00103162036370616	0.000431841082481647	0.000359867568734706	0.000119955856244902	NA	NA	0.000839690993714313	0.000863682164963294	NA	NA	4.79823424979607e-05	NA	0.00105561153495514	NA	NA	NA	NA	NA	NA	0.000143947027493882	NA	0.000575788109975529	0.000263902883738784	NA	NA	NA	NA	NA	0.000311885226236745	0.000119955856244902	NA	NA	NA	NA	0.000119955856244902	NA	0.000263902883738784
VANB4	0.973428121904318	0.000621564399898996	0.00304955033700445	0.0010683138123264	0.00771128333624692	0.000233086649962123	NA	0.00021366276246528	NA	0.000252510537458967	NA	0.000252510537458967	NA	0.000951770487345337	0.00254452926208651	0.000854651049861119	0.00124312879979799	NA	NA	0.000291358312452654	NA	0.000330206087446341	0.000116543324981062	NA	NA	NA	NA	NA	7.76955499873745e-05	NA	NA	NA	0.000349629974943185	0.000369053862440029	NA	7.76955499873745e-05	NA	NA	NA	NA	NA	NA	NA	NA	NA	NA	0.00021366276246528	NA	0.00231144261212439	0.000155391099974749	NA	NA	0.000194238874968436	0.000116543324981062	NA	NA	NA	NA	NA	NA	0.00170930209972224	NA	NA	NA	NA	0.000194238874968436	NA	0.000135967212477905	0.000155391099974749	NA	NA	NA	NA	0.000543868849911621	NA	0.000135967212477905	NA	NA	NA	NA	9.71194374842181e-05	NA	NA
VANB40	0.993904067620858	0.00149256076293422	NA	0.00138258260145485	0.000157111659256233	NA	NA	3.14223318512467e-05	NA	9.426699555374e-05	NA	NA	NA	0.000125689327404987	0.00130402677182674	NA	NA	NA	NA	4.713349777687e-05	0.000251378654809973	NA	NA	NA	NA	NA	NA	NA	NA	NA	NA	NA	0.000455623811843077	0.000125689327404987	NA	NA	NA	NA	NA	NA	NA	NA	NA	NA	NA	NA	7.85558296281167e-05	6.28446637024934e-05	NA	NA	NA	NA	NA	3.14223318512467e-05	NA	NA	NA	NA	NA	NA	NA	NA	NA	NA	NA	NA	NA	NA	NA	NA	NA	0.00042420147999183	NA	NA	3.14223318512467e-05	NA	NA	NA	NA	NA	NA	NA	NA
VANB47	0.981378322457425	NA	NA	NA	NA	NA	NA	0.000397899092790068	NA	NA	NA	NA	NA	NA	0.00159159637116027	NA	0.0101066369568677	NA	NA	NA	NA	NA	NA	NA	NA	NA	NA	NA	NA	NA	NA	0.000238739455674041	NA	NA	NA	NA	NA	NA	NA	NA	NA	NA	NA	NA	0.000557058729906096	NA	NA	NA	NA	NA	NA	NA	NA	NA	NA	NA	NA	NA	NA	NA	0.00572974693617699	NA	NA	NA	NA	NA	NA	NA	NA	NA	NA	NA	NA	NA	NA	NA	NA	NA	NA	NA	NA	NA	NA
VANB48	0.00200674997719602	0.15360758916355	0.00136823862081547	0.829061388306121	0.000547295448326188	0.00191553406914166	0.000638511356380553	NA	NA	0.00182431816108729	NA	0.00319255678190276	0.000638511356380553	0.000638511356380553	0.00182431816108729	NA	0.000456079540271823	NA	NA	NA	NA	NA	0.000364863632217459	NA	NA	0.000820943172489282	NA	NA	NA	NA	NA	NA	0.000456079540271823	0.000273647724163094	NA	NA	NA	NA	NA	NA	NA	NA	NA	NA	NA	NA	NA	0.000182431816108729	NA	NA	NA	NA	NA	0.000182431816108729	NA	NA	NA	NA	NA	NA	NA	NA	NA	NA	NA	NA	NA	NA	NA	NA	NA	NA	NA	NA	NA	NA	NA	NA	NA	NA	NA	NA	NA
VANB5	0.840014867519779	NA	0.0601072585355493	NA	0.0426910210800191	NA	NA	NA	NA	0.00844262730313811	NA	NA	NA	0.000159294854776191	0.000477884564328572	NA	0.0467795890192747	NA	NA	0.000318589709552381	NA	0.000106196569850794	NA	NA	NA	NA	NA	NA	0.000265491424626985	NA	NA	NA	NA	0.000265491424626985	NA	NA	NA	NA	NA	NA	NA	NA	NA	NA	0.000159294854776191	NA	NA	NA	NA	NA	NA	NA	NA	NA	NA	NA	NA	NA	NA	NA	NA	NA	NA	NA	NA	NA	NA	NA	NA	NA	NA	NA	NA	NA	NA	NA	NA	NA	NA	0.000212393139701588	NA	NA	NA
VANB51	0.996917204932472	NA	NA	NA	NA	NA	NA	0.000293599530240752	NA	NA	NA	NA	NA	NA	0.00278919553728714	NA	NA	NA	NA	NA	NA	NA	NA	NA	NA	NA	NA	NA	NA	NA	NA	NA	NA	NA	NA	NA	NA	NA	NA	NA	NA	NA	NA	NA	NA	NA	NA	NA	NA	NA	NA	NA	NA	NA	NA	NA	NA	NA	NA	NA	NA	NA	NA	NA	NA	NA	NA	NA	NA	NA	NA	NA	NA	NA	NA	NA	NA	NA	NA	NA	NA	NA	NA
VANB53	0.978921372979445	0.00246956695270405	0.000673518259828378	9.97804829375374e-05	0.000199560965875075	0.000623628018359609	0.00346737178207943	0.00039912193175015	NA	0.000324286569546997	NA	0.00359209738575135	7.48353622031531e-05	0.00187088405507883	0.000922969467172221	NA	NA	NA	NA	0.000947914587906605	0.000249451207343844	0.000823188984234684	0.000124725603671922	NA	NA	NA	NA	NA	NA	NA	NA	NA	0.000349231690281381	0.000648573139093993	NA	0.000249451207343844	NA	0.000199560965875075	NA	0.00017461584514069	NA	NA	0.000199560965875075	0.000149670724406306	0.000274396328078228	NA	NA	NA	9.97804829375374e-05	9.97804829375374e-05	NA	NA	NA	7.48353622031531e-05	NA	0.000124725603671922	NA	4.98902414687687e-05	0.00039912193175015	NA	NA	NA	0.000124725603671922	NA	NA	NA	NA	0.000124725603671922	NA	NA	NA	NA	NA	0.000873079225703452	NA	NA	NA	NA	NA	NA	NA	NA	NA
VANB56	0.000702545804137625	NA	0.973525116012498	0.000147904379818447	0.000277320712159589	NA	NA	0.000351272902068813	NA	NA	NA	NA	NA	NA	0.0037345855904158	NA	0.00791288432028693	NA	NA	NA	NA	NA	0.00600861543012442	NA	NA	NA	NA	NA	0.000628593614228401	NA	NA	NA	0.000684057756660319	0.000295808759636895	NA	NA	NA	NA	NA	NA	NA	NA	NA	NA	0.000110928284863836	NA	0.000277320712159589	0.00391946606518886	0.00040673704450073	0.000110928284863836	NA	NA	0.000166392427295753	0.000166392427295753	NA	NA	NA	NA	NA	NA	NA	NA	0.000203368522250365	NA	NA	NA	NA	0.000110928284863836	5.54641424319178e-05	NA	NA	NA	NA	NA	NA	NA	NA	NA	NA	NA	0.000203368522250365	NA	NA
VANB59	0.850219733911264	NA	0.146649810366625	0.000451508036843056	NA	NA	NA	0.000180603214737222	NA	NA	NA	NA	NA	NA	0.000120402143158148	NA	NA	NA	NA	NA	NA	NA	0.00198663536210945	NA	NA	NA	NA	NA	NA	NA	NA	NA	NA	6.02010715790741e-05	NA	NA	NA	NA	NA	NA	NA	NA	NA	NA	NA	NA	NA	0.000150502678947685	NA	9.03016073686112e-05	NA	NA	NA	NA	NA	NA	NA	NA	NA	NA	NA	NA	9.03016073686112e-05	NA	NA	NA	NA	NA	NA	NA	NA	NA	NA	NA	NA	NA	NA	NA	NA	NA	NA	NA	NA
VANB8	0.000911369332421964	0.00113921166552745	0.0025062656641604	0.00432900432900433	0.870813397129187	0.0189109136477558	0.00136705399863295	0.0025062656641604	NA	NA	0.000911369332421964	0.000455684666210982	0.00205058099794942	NA	0.0430622009569378	NA	NA	0.00136705399863295	NA	NA	0.00888585099111415	NA	NA	NA	NA	NA	NA	NA	NA	NA	NA	NA	0.00729095465937571	0.00318979266347687	NA	NA	0.00136705399863295	NA	0.00296195033037138	NA	NA	NA	NA	NA	0.00182273866484393	NA	0.00364547732968786	NA	0.00113921166552745	0.00227842333105491	NA	NA	0.00159489633173844	0.0025062656641604	NA	NA	NA	NA	NA	NA	NA	NA	0.000683526999316473	NA	NA	NA	NA	NA	NA	NA	0.000455684666210982	NA	NA	NA	0.000911369332421964	0.00136705399863295	NA	0.00136705399863295	0.00706311232627022	NA	0.00113921166552745	NA	NA
VANB9	0.042933402278223	0.881024439949508	0.00614420634799933	NA	0.0411844326494609	0.00663087615774185	0.000258543336425714	NA	NA	0.00431919456146488	NA	0.00378689945705899	3.04168631089076e-05	0.00223563943850471	0.00044104451507916	NA	NA	NA	NA	0.00203792982829681	0.000653962556841513	0.000334585494197983	0.0011862576612474	NA	NA	NA	NA	NA	NA	0.00044104451507916	NA	0.000897297461712774	0.00012166745243563	NA	NA	0.000182501178653445	NA	NA	NA	NA	4.56252946633614e-05	NA	NA	0.000228126473316807	NA	0.000273751767980168	6.08337262178152e-05	NA	NA	NA	0.00396940063571244	NA	NA	NA	NA	NA	NA	NA	NA	NA	NA	0.000228126473316807	NA	NA	0.000349793925752437	NA	NA	NA	NA	NA	NA	NA	NA	NA	NA	NA	NA	NA	NA	NA	NA	NA	NA
